date_game,visitor_team_name,home_team_name,visitor_goals,home_goals,overtimes
2017-10-04,Calgary Flames,Edmonton Oilers,0,3,
2017-10-04,St. Louis Blues,Pittsburgh Penguins,5,4,OT
2017-10-04,Philadelphia Flyers,San Jose Sharks,5,3,
2017-10-04,Toronto Maple Leafs,Winnipeg Jets,7,2,
2017-10-05,Arizona Coyotes,Anaheim Ducks,4,5,
2017-10-05,Nashville Predators,Boston Bruins,3,4,
2017-10-05,Montreal Canadiens,Buffalo Sabres,3,2,SO
2017-10-05,Pittsburgh Penguins,Chicago Blackhawks,1,10,
2017-10-05,Minnesota Wild,Detroit Red Wings,2,4,
2017-10-05,Philadelphia Flyers,Los Angeles Kings,0,2,
2017-10-05,Colorado Avalanche,New York Rangers,4,2,
2017-10-05,Washington Capitals,Ottawa Senators,5,4,SO
2017-10-06,New York Islanders,Columbus Blue Jackets,0,5,
2017-10-06,Vegas Golden Knights,Dallas Stars,2,1,
2017-10-06,Florida Panthers,Tampa Bay Lightning,3,5,
2017-10-07,Philadelphia Flyers,Anaheim Ducks,3,2,OT
2017-10-07,Vegas Golden Knights,Arizona Coyotes,2,1,OT
2017-10-07,Minnesota Wild,Carolina Hurricanes,4,5,SO
2017-10-07,Winnipeg Jets,Calgary Flames,3,6,
2017-10-07,Columbus Blue Jackets,Chicago Blackhawks,1,5,
2017-10-07,Tampa Bay Lightning,Florida Panthers,4,5,
2017-10-07,Colorado Avalanche,New Jersey Devils,1,4,
2017-10-07,Buffalo Sabres,New York Islanders,3,6,
2017-10-07,Detroit Red Wings,Ottawa Senators,2,1,SO
2017-10-07,Nashville Predators,Pittsburgh Penguins,0,4,
2017-10-07,Los Angeles Kings,San Jose Sharks,4,1,
2017-10-07,Dallas Stars,St. Louis Blues,2,4,
2017-10-07,New York Rangers,Toronto Maple Leafs,5,8,
2017-10-07,Edmonton Oilers,Vancouver Canucks,2,3,
2017-10-07,Montreal Canadiens,Washington Capitals,1,6,
2017-10-08,Montreal Canadiens,New York Rangers,0,2,
2017-10-09,Calgary Flames,Anaheim Ducks,2,0,
2017-10-09,Colorado Avalanche,Boston Bruins,4,0,
2017-10-09,New Jersey Devils,Buffalo Sabres,6,2,
2017-10-09,Winnipeg Jets,Edmonton Oilers,5,2,
2017-10-09,St. Louis Blues,New York Islanders,3,2,SO
2017-10-09,Washington Capitals,Tampa Bay Lightning,3,4,OT
2017-10-09,Chicago Blackhawks,Toronto Maple Leafs,3,4,OT
2017-10-10,Columbus Blue Jackets,Carolina Hurricanes,2,1,OT
2017-10-10,Detroit Red Wings,Dallas Stars,2,4,
2017-10-10,Chicago Blackhawks,Montreal Canadiens,3,1,
2017-10-10,Philadelphia Flyers,Nashville Predators,5,6,
2017-10-10,St. Louis Blues,New York Rangers,3,1,
2017-10-10,Ottawa Senators,Vancouver Canucks,3,2,SO
2017-10-10,Arizona Coyotes,Vegas Golden Knights,2,5,
2017-10-11,New York Islanders,Anaheim Ducks,2,3,
2017-10-11,Boston Bruins,Colorado Avalanche,3,6,
2017-10-11,Calgary Flames,Los Angeles Kings,4,3,OT
2017-10-11,New Jersey Devils,Toronto Maple Leafs,6,3,
2017-10-11,Pittsburgh Penguins,Washington Capitals,3,2,
2017-10-12,Detroit Red Wings,Arizona Coyotes,4,2,
2017-10-12,Minnesota Wild,Chicago Blackhawks,5,2,
2017-10-12,St. Louis Blues,Florida Panthers,2,5,
2017-10-12,Dallas Stars,Nashville Predators,1,4,
2017-10-12,Buffalo Sabres,San Jose Sharks,2,3,
2017-10-12,Pittsburgh Penguins,Tampa Bay Lightning,4,5,
2017-10-12,Winnipeg Jets,Vancouver Canucks,4,2,
2017-10-13,New York Rangers,Columbus Blue Jackets,1,3,
2017-10-13,Ottawa Senators,Calgary Flames,6,0,
2017-10-13,Anaheim Ducks,Colorado Avalanche,1,3,
2017-10-13,Washington Capitals,New Jersey Devils,5,2,
2017-10-13,Detroit Red Wings,Vegas Golden Knights,6,3,
2017-10-14,Boston Bruins,Arizona Coyotes,6,2,
2017-10-14,Nashville Predators,Chicago Blackhawks,1,2,OT
2017-10-14,Colorado Avalanche,Dallas Stars,1,3,
2017-10-14,Ottawa Senators,Edmonton Oilers,6,1,
2017-10-14,Buffalo Sabres,Los Angeles Kings,2,4,
2017-10-14,Columbus Blue Jackets,Minnesota Wild,5,4,OT
2017-10-14,Toronto Maple Leafs,Montreal Canadiens,4,3,OT
2017-10-14,New Jersey Devils,New York Rangers,3,2,
2017-10-14,Washington Capitals,Philadelphia Flyers,2,8,
2017-10-14,Florida Panthers,Pittsburgh Penguins,3,4,
2017-10-14,New York Islanders,San Jose Sharks,3,1,
2017-10-14,St. Louis Blues,Tampa Bay Lightning,1,2,
2017-10-14,Calgary Flames,Vancouver Canucks,5,2,
2017-10-14,Carolina Hurricanes,Winnipeg Jets,1,2,
2017-10-15,Buffalo Sabres,Anaheim Ducks,3,1,
2017-10-15,New York Islanders,Los Angeles Kings,2,3,
2017-10-15,Boston Bruins,Vegas Golden Knights,1,3,
2017-10-16,Tampa Bay Lightning,Detroit Red Wings,3,2,
2017-10-17,Arizona Coyotes,Dallas Stars,1,3,
2017-10-17,Carolina Hurricanes,Edmonton Oilers,5,3,
2017-10-17,Tampa Bay Lightning,New Jersey Devils,4,5,SO
2017-10-17,Colorado Avalanche,Nashville Predators,1,4,
2017-10-17,Pittsburgh Penguins,New York Rangers,5,4,OT
2017-10-17,Vancouver Canucks,Ottawa Senators,3,0,
2017-10-17,Florida Panthers,Philadelphia Flyers,1,5,
2017-10-17,Montreal Canadiens,San Jose Sharks,2,5,
2017-10-17,Buffalo Sabres,Vegas Golden Knights,4,5,OT
2017-10-17,Columbus Blue Jackets,Winnipeg Jets,5,2,
2017-10-17,Toronto Maple Leafs,Washington Capitals,2,0,
2017-10-18,Montreal Canadiens,Los Angeles Kings,1,5,
2017-10-18,Chicago Blackhawks,St. Louis Blues,2,5,
2017-10-18,Detroit Red Wings,Toronto Maple Leafs,3,6,
2017-10-19,Dallas Stars,Arizona Coyotes,5,4,
2017-10-19,Vancouver Canucks,Boston Bruins,3,6,
2017-10-19,Tampa Bay Lightning,Columbus Blue Jackets,2,0,
2017-10-19,Carolina Hurricanes,Calgary Flames,2,1,
2017-10-19,Edmonton Oilers,Chicago Blackhawks,2,1,OT
2017-10-19,St. Louis Blues,Colorado Avalanche,4,3,
2017-10-19,New York Islanders,New York Rangers,4,3,SO
2017-10-19,New Jersey Devils,Ottawa Senators,5,4,OT
2017-10-19,Nashville Predators,Philadelphia Flyers,1,0,
2017-10-20,Montreal Canadiens,Anaheim Ducks,2,6,
2017-10-20,Vancouver Canucks,Buffalo Sabres,4,2,
2017-10-20,Washington Capitals,Detroit Red Wings,4,3,OT
2017-10-20,Pittsburgh Penguins,Florida Panthers,4,3,
2017-10-20,San Jose Sharks,New Jersey Devils,3,0,
2017-10-20,Minnesota Wild,Winnipeg Jets,3,4,
2017-10-21,Chicago Blackhawks,Arizona Coyotes,4,2,
2017-10-21,Buffalo Sabres,Boston Bruins,5,4,OT
2017-10-21,Los Angeles Kings,Columbus Blue Jackets,6,4,
2017-10-21,Minnesota Wild,Calgary Flames,4,2,
2017-10-21,Carolina Hurricanes,Dallas Stars,3,4,
2017-10-21,San Jose Sharks,New York Islanders,3,5,
2017-10-21,Nashville Predators,New York Rangers,2,4,
2017-10-21,Toronto Maple Leafs,Ottawa Senators,3,6,
2017-10-21,Edmonton Oilers,Philadelphia Flyers,1,2,
2017-10-21,Pittsburgh Penguins,Tampa Bay Lightning,1,7,
2017-10-21,St. Louis Blues,Vegas Golden Knights,2,3,OT
2017-10-21,Florida Panthers,Washington Capitals,4,1,
2017-10-22,Vancouver Canucks,Detroit Red Wings,4,1,
2017-10-23,San Jose Sharks,New York Rangers,4,1,
2017-10-23,Los Angeles Kings,Toronto Maple Leafs,2,3,
2017-10-24,Detroit Red Wings,Buffalo Sabres,0,1,
2017-10-24,Tampa Bay Lightning,Carolina Hurricanes,5,1,
2017-10-24,Dallas Stars,Colorado Avalanche,3,5,
2017-10-24,Vancouver Canucks,Minnesota Wild,1,0,
2017-10-24,Florida Panthers,Montreal Canadiens,1,5,
2017-10-24,Calgary Flames,Nashville Predators,3,2,SO
2017-10-24,Arizona Coyotes,New York Islanders,3,5,
2017-10-24,Los Angeles Kings,Ottawa Senators,3,2,SO
2017-10-24,Anaheim Ducks,Philadelphia Flyers,6,2,
2017-10-24,Edmonton Oilers,Pittsburgh Penguins,1,2,OT
2017-10-24,Chicago Blackhawks,Vegas Golden Knights,2,4,
2017-10-25,Buffalo Sabres,Columbus Blue Jackets,1,5,
2017-10-25,Calgary Flames,St. Louis Blues,2,5,
2017-10-26,San Jose Sharks,Boston Bruins,1,2,
2017-10-26,Dallas Stars,Edmonton Oilers,4,5,
2017-10-26,Anaheim Ducks,Florida Panthers,3,8,
2017-10-26,New York Islanders,Minnesota Wild,4,6,
2017-10-26,Los Angeles Kings,Montreal Canadiens,4,0,
2017-10-26,Arizona Coyotes,New York Rangers,2,5,
2017-10-26,Philadelphia Flyers,Ottawa Senators,4,5,
2017-10-26,Winnipeg Jets,Pittsburgh Penguins,1,2,OT
2017-10-26,Detroit Red Wings,Tampa Bay Lightning,2,3,
2017-10-26,Carolina Hurricanes,Toronto Maple Leafs,6,3,
2017-10-26,Washington Capitals,Vancouver Canucks,2,6,
2017-10-27,St. Louis Blues,Carolina Hurricanes,2,1,
2017-10-27,Winnipeg Jets,Columbus Blue Jackets,1,2,OT
2017-10-27,Dallas Stars,Calgary Flames,2,1,
2017-10-27,Nashville Predators,Chicago Blackhawks,2,1,
2017-10-27,Ottawa Senators,New Jersey Devils,4,5,SO
2017-10-27,Colorado Avalanche,Vegas Golden Knights,0,7,
2017-10-28,Los Angeles Kings,Boston Bruins,2,1,OT
2017-10-28,San Jose Sharks,Buffalo Sabres,3,2,
2017-10-28,Chicago Blackhawks,Colorado Avalanche,3,6,
2017-10-28,Washington Capitals,Edmonton Oilers,5,2,
2017-10-28,Detroit Red Wings,Florida Panthers,3,2,SO
2017-10-28,Pittsburgh Penguins,Minnesota Wild,1,2,
2017-10-28,New York Rangers,Montreal Canadiens,4,5,
2017-10-28,Arizona Coyotes,New Jersey Devils,3,4,
2017-10-28,New York Islanders,Nashville Predators,6,2,
2017-10-28,Columbus Blue Jackets,St. Louis Blues,1,4,
2017-10-28,Anaheim Ducks,Tampa Bay Lightning,4,1,
2017-10-28,Philadelphia Flyers,Toronto Maple Leafs,4,2,
2017-10-29,Anaheim Ducks,Carolina Hurricanes,4,3,SO
2017-10-29,Washington Capitals,Calgary Flames,1,2,
2017-10-29,Pittsburgh Penguins,Winnipeg Jets,1,7,
2017-10-30,Boston Bruins,Columbus Blue Jackets,3,4,SO
2017-10-30,Tampa Bay Lightning,Florida Panthers,8,5,
2017-10-30,Vegas Golden Knights,New York Islanders,3,6,
2017-10-30,Montreal Canadiens,Ottawa Senators,8,3,
2017-10-30,Arizona Coyotes,Philadelphia Flyers,4,3,OT
2017-10-30,Toronto Maple Leafs,San Jose Sharks,2,3,
2017-10-30,Los Angeles Kings,St. Louis Blues,2,4,
2017-10-30,Dallas Stars,Vancouver Canucks,2,1,OT
2017-10-31,Arizona Coyotes,Detroit Red Wings,3,5,
2017-10-31,Winnipeg Jets,Minnesota Wild,2,1,
2017-10-31,Vegas Golden Knights,New York Rangers,4,6,
2017-11-01,Toronto Maple Leafs,Anaheim Ducks,3,1,
2017-11-01,Philadelphia Flyers,Chicago Blackhawks,0,3,
2017-11-01,Pittsburgh Penguins,Edmonton Oilers,3,2,
2017-11-01,Nashville Predators,San Jose Sharks,1,4,
2017-11-01,New Jersey Devils,Vancouver Canucks,2,0,
2017-11-02,Buffalo Sabres,Arizona Coyotes,5,4,
2017-11-02,Vegas Golden Knights,Boston Bruins,1,2,
2017-11-02,Pittsburgh Penguins,Calgary Flames,1,2,OT
2017-11-02,Carolina Hurricanes,Colorado Avalanche,3,5,
2017-11-02,Columbus Blue Jackets,Florida Panthers,7,3,
2017-11-02,Toronto Maple Leafs,Los Angeles Kings,3,5,
2017-11-02,Montreal Canadiens,Minnesota Wild,3,6,
2017-11-02,Detroit Red Wings,Ottawa Senators,1,3,
2017-11-02,Philadelphia Flyers,St. Louis Blues,2,0,
2017-11-02,New York Rangers,Tampa Bay Lightning,2,1,OT
2017-11-02,Dallas Stars,Winnipeg Jets,2,5,
2017-11-02,New York Islanders,Washington Capitals,3,4,
2017-11-03,Nashville Predators,Anaheim Ducks,5,3,
2017-11-03,New Jersey Devils,Edmonton Oilers,3,6,
2017-11-04,Carolina Hurricanes,Arizona Coyotes,1,2,SO
2017-11-04,Washington Capitals,Boston Bruins,3,2,
2017-11-04,Buffalo Sabres,Dallas Stars,1,5,
2017-11-04,New York Rangers,Florida Panthers,5,4,OT
2017-11-04,Nashville Predators,Los Angeles Kings,4,3,OT
2017-11-04,Chicago Blackhawks,Minnesota Wild,2,0,
2017-11-04,Vegas Golden Knights,Ottawa Senators,5,4,
2017-11-04,Colorado Avalanche,Philadelphia Flyers,5,4,SO
2017-11-04,Anaheim Ducks,San Jose Sharks,1,2,SO
2017-11-04,Toronto Maple Leafs,St. Louis Blues,4,6,
2017-11-04,Columbus Blue Jackets,Tampa Bay Lightning,4,5,SO
2017-11-04,Pittsburgh Penguins,Vancouver Canucks,2,4,
2017-11-04,Montreal Canadiens,Winnipeg Jets,5,4,OT
2017-11-05,New Jersey Devils,Calgary Flames,4,5,SO
2017-11-05,Montreal Canadiens,Chicago Blackhawks,2,0,
2017-11-05,Detroit Red Wings,Edmonton Oilers,4,0,
2017-11-05,Colorado Avalanche,New York Islanders,4,6,
2017-11-06,Minnesota Wild,Boston Bruins,3,5,
2017-11-06,Winnipeg Jets,Dallas Stars,4,1,
2017-11-06,Columbus Blue Jackets,New York Rangers,3,5,
2017-11-06,Vegas Golden Knights,Toronto Maple Leafs,3,4,SO
2017-11-06,Detroit Red Wings,Vancouver Canucks,3,2,
2017-11-06,Arizona Coyotes,Washington Capitals,2,3,OT
2017-11-07,Los Angeles Kings,Anaheim Ducks,4,3,OT
2017-11-07,Washington Capitals,Buffalo Sabres,1,3,
2017-11-07,Florida Panthers,Carolina Hurricanes,1,3,
2017-11-07,Nashville Predators,Columbus Blue Jackets,3,1,
2017-11-07,Vancouver Canucks,Calgary Flames,5,3,
2017-11-07,Vegas Golden Knights,Montreal Canadiens,2,3,
2017-11-07,St. Louis Blues,New Jersey Devils,3,1,
2017-11-07,Edmonton Oilers,New York Islanders,2,1,OT
2017-11-07,Arizona Coyotes,Pittsburgh Penguins,1,3,
2017-11-08,Boston Bruins,New York Rangers,2,4,
2017-11-08,Tampa Bay Lightning,San Jose Sharks,5,1,
2017-11-08,Minnesota Wild,Toronto Maple Leafs,2,4,
2017-11-09,Vancouver Canucks,Anaheim Ducks,1,4,
2017-11-09,Detroit Red Wings,Calgary Flames,3,6,
2017-11-09,Tampa Bay Lightning,Los Angeles Kings,5,2,
2017-11-09,Minnesota Wild,Montreal Canadiens,3,0,
2017-11-09,Edmonton Oilers,New Jersey Devils,3,2,OT
2017-11-09,Chicago Blackhawks,Philadelphia Flyers,1,3,
2017-11-09,Arizona Coyotes,St. Louis Blues,2,3,SO
2017-11-10,Florida Panthers,Buffalo Sabres,4,1,
2017-11-10,Carolina Hurricanes,Columbus Blue Jackets,3,1,
2017-11-10,Ottawa Senators,Colorado Avalanche,4,3,OT
2017-11-10,New York Islanders,Dallas Stars,0,5,
2017-11-10,Boston Bruins,Toronto Maple Leafs,2,3,OT
2017-11-10,Winnipeg Jets,Vegas Golden Knights,2,5,
2017-11-10,Pittsburgh Penguins,Washington Capitals,1,4,
2017-11-11,Winnipeg Jets,Arizona Coyotes,4,1,
2017-11-11,Toronto Maple Leafs,Boston Bruins,4,1,
2017-11-11,Chicago Blackhawks,Carolina Hurricanes,4,3,OT
2017-11-11,Columbus Blue Jackets,Detroit Red Wings,2,1,SO
2017-11-11,Buffalo Sabres,Montreal Canadiens,1,2,OT
2017-11-11,Florida Panthers,New Jersey Devils,1,2,
2017-11-11,Pittsburgh Penguins,Nashville Predators,4,5,SO
2017-11-11,Edmonton Oilers,New York Rangers,2,4,
2017-11-11,Colorado Avalanche,Ottawa Senators,3,4,
2017-11-11,Minnesota Wild,Philadelphia Flyers,1,0,
2017-11-11,Vancouver Canucks,San Jose Sharks,0,5,
2017-11-11,New York Islanders,St. Louis Blues,5,2,
2017-11-12,Tampa Bay Lightning,Anaheim Ducks,2,1,
2017-11-12,New Jersey Devils,Chicago Blackhawks,7,5,
2017-11-12,San Jose Sharks,Los Angeles Kings,2,1,
2017-11-12,Edmonton Oilers,Washington Capitals,1,2,SO
2017-11-13,Dallas Stars,Carolina Hurricanes,1,5,
2017-11-13,St. Louis Blues,Calgary Flames,4,7,
2017-11-14,Vegas Golden Knights,Edmonton Oilers,2,8,
2017-11-14,Dallas Stars,Florida Panthers,3,4,SO
2017-11-14,Vancouver Canucks,Los Angeles Kings,3,2,
2017-11-14,Philadelphia Flyers,Minnesota Wild,0,3,
2017-11-14,Columbus Blue Jackets,Montreal Canadiens,2,1,OT
2017-11-14,Washington Capitals,Nashville Predators,3,6,
2017-11-14,Buffalo Sabres,Pittsburgh Penguins,4,5,OT
2017-11-14,Arizona Coyotes,Winnipeg Jets,1,4,
2017-11-15,Boston Bruins,Anaheim Ducks,2,4,
2017-11-15,New York Rangers,Chicago Blackhawks,3,6,
2017-11-15,Calgary Flames,Detroit Red Wings,2,8,
2017-11-16,Washington Capitals,Colorado Avalanche,2,6,
2017-11-16,St. Louis Blues,Edmonton Oilers,4,1,
2017-11-16,Boston Bruins,Los Angeles Kings,2,1,
2017-11-16,Nashville Predators,Minnesota Wild,4,6,
2017-11-16,Arizona Coyotes,Montreal Canadiens,5,4,
2017-11-16,Carolina Hurricanes,New York Islanders,4,6,
2017-11-16,Pittsburgh Penguins,Ottawa Senators,3,1,
2017-11-16,Florida Panthers,San Jose Sharks,2,0,
2017-11-16,Dallas Stars,Tampa Bay Lightning,1,6,
2017-11-16,New Jersey Devils,Toronto Maple Leafs,0,1,OT
2017-11-16,Vegas Golden Knights,Vancouver Canucks,5,2,
2017-11-16,Philadelphia Flyers,Winnipeg Jets,2,3,SO
2017-11-17,New York Rangers,Columbus Blue Jackets,0,2,
2017-11-17,Buffalo Sabres,Detroit Red Wings,1,3,
2017-11-18,Carolina Hurricanes,Buffalo Sabres,3,1,
2017-11-18,Edmonton Oilers,Dallas Stars,3,6,
2017-11-18,Florida Panthers,Los Angeles Kings,0,4,
2017-11-18,Toronto Maple Leafs,Montreal Canadiens,6,0,
2017-11-18,Colorado Avalanche,Nashville Predators,2,5,
2017-11-18,Arizona Coyotes,Ottawa Senators,3,2,OT
2017-11-18,Calgary Flames,Philadelphia Flyers,5,4,OT
2017-11-18,Chicago Blackhawks,Pittsburgh Penguins,2,1,
2017-11-18,Boston Bruins,San Jose Sharks,3,1,
2017-11-18,New York Islanders,Tampa Bay Lightning,5,3,
2017-11-18,St. Louis Blues,Vancouver Canucks,4,3,OT
2017-11-18,New Jersey Devils,Winnipeg Jets,2,5,
2017-11-18,Minnesota Wild,Washington Capitals,1,3,
2017-11-19,Florida Panthers,Anaheim Ducks,2,3,
2017-11-19,New York Islanders,Carolina Hurricanes,2,4,
2017-11-19,Colorado Avalanche,Detroit Red Wings,4,3,OT
2017-11-19,Ottawa Senators,New York Rangers,0,3,
2017-11-19,Los Angeles Kings,Vegas Golden Knights,2,4,
2017-11-20,Columbus Blue Jackets,Buffalo Sabres,3,2,
2017-11-20,New Jersey Devils,Minnesota Wild,4,3,OT
2017-11-20,Winnipeg Jets,Nashville Predators,3,5,
2017-11-20,Anaheim Ducks,San Jose Sharks,3,2,SO
2017-11-20,Arizona Coyotes,Toronto Maple Leafs,4,1,
2017-11-20,Calgary Flames,Washington Capitals,4,1,
2017-11-21,Montreal Canadiens,Dallas Stars,1,3,
2017-11-21,Vancouver Canucks,Philadelphia Flyers,5,2,
2017-11-21,Edmonton Oilers,St. Louis Blues,3,8,
2017-11-22,Vegas Golden Knights,Anaheim Ducks,4,2,
2017-11-22,San Jose Sharks,Arizona Coyotes,3,1,
2017-11-22,Minnesota Wild,Buffalo Sabres,5,4,
2017-11-22,New York Rangers,Carolina Hurricanes,6,1,
2017-11-22,Calgary Flames,Columbus Blue Jackets,0,1,OT
2017-11-22,Dallas Stars,Colorado Avalanche,0,3,
2017-11-22,Edmonton Oilers,Detroit Red Wings,6,2,
2017-11-22,Toronto Maple Leafs,Florida Panthers,1,2,SO
2017-11-22,Winnipeg Jets,Los Angeles Kings,2,1,
2017-11-22,Boston Bruins,New Jersey Devils,3,2,SO
2017-11-22,Montreal Canadiens,Nashville Predators,2,3,SO
2017-11-22,Philadelphia Flyers,New York Islanders,3,4,OT
2017-11-22,Vancouver Canucks,Pittsburgh Penguins,5,2,
2017-11-22,Chicago Blackhawks,Tampa Bay Lightning,2,3,OT
2017-11-22,Ottawa Senators,Washington Capitals,2,5,
2017-11-24,Winnipeg Jets,Anaheim Ducks,4,1,
2017-11-24,Los Angeles Kings,Arizona Coyotes,2,3,OT
2017-11-24,Pittsburgh Penguins,Boston Bruins,3,4,
2017-11-24,Edmonton Oilers,Buffalo Sabres,1,3,
2017-11-24,Toronto Maple Leafs,Carolina Hurricanes,5,4,
2017-11-24,Ottawa Senators,Columbus Blue Jackets,2,5,
2017-11-24,Calgary Flames,Dallas Stars,4,6,
2017-11-24,Colorado Avalanche,Minnesota Wild,2,3,SO
2017-11-24,Vancouver Canucks,New Jersey Devils,2,3,
2017-11-24,Detroit Red Wings,New York Rangers,1,2,OT
2017-11-24,New York Islanders,Philadelphia Flyers,5,4,OT
2017-11-24,Nashville Predators,St. Louis Blues,2,0,
2017-11-24,San Jose Sharks,Vegas Golden Knights,4,5,OT
2017-11-24,Tampa Bay Lightning,Washington Capitals,1,3,
2017-11-25,Vegas Golden Knights,Arizona Coyotes,4,2,
2017-11-25,Calgary Flames,Colorado Avalanche,3,2,
2017-11-25,New Jersey Devils,Detroit Red Wings,4,3,OT
2017-11-25,Chicago Blackhawks,Florida Panthers,4,1,
2017-11-25,Anaheim Ducks,Los Angeles Kings,1,2,SO
2017-11-25,Buffalo Sabres,Montreal Canadiens,0,3,
2017-11-25,New York Islanders,Ottawa Senators,2,1,
2017-11-25,Tampa Bay Lightning,Pittsburgh Penguins,2,5,
2017-11-25,Winnipeg Jets,San Jose Sharks,0,4,
2017-11-25,Minnesota Wild,St. Louis Blues,3,6,
2017-11-25,Washington Capitals,Toronto Maple Leafs,4,2,
2017-11-26,Edmonton Oilers,Boston Bruins,4,2,
2017-11-26,Nashville Predators,Carolina Hurricanes,3,4,SO
2017-11-26,Vancouver Canucks,New York Rangers,3,4,SO
2017-11-27,Anaheim Ducks,Chicago Blackhawks,3,7,
2017-11-27,Columbus Blue Jackets,Montreal Canadiens,1,3,
2017-11-27,Florida Panthers,New Jersey Devils,3,2,
2017-11-27,Philadelphia Flyers,Pittsburgh Penguins,4,5,OT
2017-11-27,Minnesota Wild,Winnipeg Jets,2,7,
2017-11-28,Tampa Bay Lightning,Buffalo Sabres,2,0,
2017-11-28,Carolina Hurricanes,Columbus Blue Jackets,2,3,SO
2017-11-28,Toronto Maple Leafs,Calgary Flames,4,1,
2017-11-28,Los Angeles Kings,Detroit Red Wings,4,1,
2017-11-28,Arizona Coyotes,Edmonton Oilers,2,3,OT
2017-11-28,Chicago Blackhawks,Nashville Predators,2,3,
2017-11-28,Vancouver Canucks,New York Islanders,2,5,
2017-11-28,Florida Panthers,New York Rangers,5,4,
2017-11-28,San Jose Sharks,Philadelphia Flyers,3,1,
2017-11-28,Dallas Stars,Vegas Golden Knights,3,0,
2017-11-29,Tampa Bay Lightning,Boston Bruins,2,3,
2017-11-29,Winnipeg Jets,Colorado Avalanche,2,3,OT
2017-11-29,Ottawa Senators,Montreal Canadiens,1,2,
2017-11-29,Anaheim Ducks,St. Louis Blues,3,2,
2017-11-30,Arizona Coyotes,Calgary Flames,0,3,
2017-11-30,Dallas Stars,Chicago Blackhawks,4,3,OT
2017-11-30,Montreal Canadiens,Detroit Red Wings,6,3,
2017-11-30,Toronto Maple Leafs,Edmonton Oilers,6,4,
2017-11-30,Vegas Golden Knights,Minnesota Wild,2,4,
2017-11-30,Vancouver Canucks,Nashville Predators,5,3,
2017-11-30,Los Angeles Kings,Washington Capitals,5,2,
2017-12-01,Pittsburgh Penguins,Buffalo Sabres,4,0,
2017-12-01,Anaheim Ducks,Columbus Blue Jackets,2,4,
2017-12-01,New Jersey Devils,Colorado Avalanche,2,1,
2017-12-01,San Jose Sharks,Florida Panthers,2,1,
2017-12-01,Ottawa Senators,New York Islanders,6,5,
2017-12-01,Carolina Hurricanes,New York Rangers,1,5,
2017-12-01,Los Angeles Kings,St. Louis Blues,4,1,
2017-12-01,Vegas Golden Knights,Winnipeg Jets,4,7,
2017-12-02,New Jersey Devils,Arizona Coyotes,0,5,
2017-12-02,Florida Panthers,Carolina Hurricanes,2,3,OT
2017-12-02,Edmonton Oilers,Calgary Flames,7,5,
2017-12-02,Chicago Blackhawks,Dallas Stars,2,3,SO
2017-12-02,St. Louis Blues,Minnesota Wild,1,2,OT
2017-12-02,Detroit Red Wings,Montreal Canadiens,1,10,
2017-12-02,Anaheim Ducks,Nashville Predators,2,3,SO
2017-12-02,Boston Bruins,Philadelphia Flyers,3,0,
2017-12-02,Buffalo Sabres,Pittsburgh Penguins,1,5,
2017-12-02,San Jose Sharks,Tampa Bay Lightning,2,5,
2017-12-02,Toronto Maple Leafs,Vancouver Canucks,1,2,
2017-12-02,Columbus Blue Jackets,Washington Capitals,3,4,
2017-12-03,Los Angeles Kings,Chicago Blackhawks,3,1,
2017-12-03,Dallas Stars,Colorado Avalanche,7,2,
2017-12-03,Arizona Coyotes,Vegas Golden Knights,2,3,OT
2017-12-03,Ottawa Senators,Winnipeg Jets,0,5,
2017-12-04,Philadelphia Flyers,Calgary Flames,5,2,
2017-12-04,New York Islanders,Florida Panthers,5,4,SO
2017-12-04,Boston Bruins,Nashville Predators,3,5,
2017-12-04,San Jose Sharks,Washington Capitals,1,4,
2017-12-05,New Jersey Devils,Columbus Blue Jackets,4,1,
2017-12-05,Buffalo Sabres,Colorado Avalanche,4,2,
2017-12-05,Nashville Predators,Dallas Stars,5,2,
2017-12-05,Winnipeg Jets,Detroit Red Wings,1,5,
2017-12-05,Minnesota Wild,Los Angeles Kings,2,5,
2017-12-05,St. Louis Blues,Montreal Canadiens,4,3,
2017-12-05,New York Rangers,Pittsburgh Penguins,4,3,
2017-12-05,New York Islanders,Tampa Bay Lightning,2,6,
2017-12-05,Carolina Hurricanes,Vancouver Canucks,0,3,
2017-12-05,Anaheim Ducks,Vegas Golden Knights,3,4,SO
2017-12-06,Ottawa Senators,Anaheim Ducks,0,3,
2017-12-06,Philadelphia Flyers,Edmonton Oilers,4,2,
2017-12-06,Calgary Flames,Toronto Maple Leafs,1,2,SO
2017-12-06,Chicago Blackhawks,Washington Capitals,2,6,
2017-12-07,Arizona Coyotes,Boston Bruins,1,6,
2017-12-07,Winnipeg Jets,Florida Panthers,4,6,
2017-12-07,Ottawa Senators,Los Angeles Kings,3,4,OT
2017-12-07,Calgary Flames,Montreal Canadiens,3,2,OT
2017-12-07,New York Islanders,Pittsburgh Penguins,3,4,OT
2017-12-07,Carolina Hurricanes,San Jose Sharks,4,5,OT
2017-12-07,Dallas Stars,St. Louis Blues,0,3,
2017-12-07,Colorado Avalanche,Tampa Bay Lightning,2,5,
2017-12-07,Philadelphia Flyers,Vancouver Canucks,4,1,
2017-12-08,Minnesota Wild,Anaheim Ducks,3,2,OT
2017-12-08,Buffalo Sabres,Chicago Blackhawks,2,3,OT
2017-12-08,Columbus Blue Jackets,New Jersey Devils,5,3,
2017-12-08,Vegas Golden Knights,Nashville Predators,4,3,SO
2017-12-08,New York Rangers,Washington Capitals,2,4,
2017-12-09,New York Islanders,Boston Bruins,1,3,
2017-12-09,Arizona Coyotes,Columbus Blue Jackets,0,1,
2017-12-09,Vancouver Canucks,Calgary Flames,2,4,
2017-12-09,Vegas Golden Knights,Dallas Stars,5,3,
2017-12-09,St. Louis Blues,Detroit Red Wings,6,1,
2017-12-09,Colorado Avalanche,Florida Panthers,7,3,
2017-12-09,Carolina Hurricanes,Los Angeles Kings,2,3,OT
2017-12-09,Edmonton Oilers,Montreal Canadiens,6,2,
2017-12-09,New Jersey Devils,New York Rangers,2,5,
2017-12-09,Toronto Maple Leafs,Pittsburgh Penguins,4,3,
2017-12-09,Ottawa Senators,San Jose Sharks,0,5,
2017-12-09,Winnipeg Jets,Tampa Bay Lightning,3,4,OT
2017-12-10,Arizona Coyotes,Chicago Blackhawks,1,3,
2017-12-10,Minnesota Wild,San Jose Sharks,4,3,OT
2017-12-10,Buffalo Sabres,St. Louis Blues,2,3,OT
2017-12-10,Edmonton Oilers,Toronto Maple Leafs,0,1,
2017-12-11,Carolina Hurricanes,Anaheim Ducks,2,3,
2017-12-11,Florida Panthers,Detroit Red Wings,2,1,OT
2017-12-11,Washington Capitals,New York Islanders,1,3,
2017-12-11,Dallas Stars,New York Rangers,2,1,SO
2017-12-11,Colorado Avalanche,Pittsburgh Penguins,2,1,
2017-12-11,Vancouver Canucks,Winnipeg Jets,1,5,
2017-12-12,Ottawa Senators,Buffalo Sabres,2,3,
2017-12-12,Edmonton Oilers,Columbus Blue Jackets,7,2,
2017-12-12,Florida Panthers,Chicago Blackhawks,2,3,OT
2017-12-12,Calgary Flames,Minnesota Wild,1,2,SO
2017-12-12,Los Angeles Kings,New Jersey Devils,1,5,
2017-12-12,Toronto Maple Leafs,Philadelphia Flyers,2,4,
2017-12-12,Tampa Bay Lightning,St. Louis Blues,3,0,
2017-12-12,Carolina Hurricanes,Vegas Golden Knights,3,2,SO
2017-12-12,Colorado Avalanche,Washington Capitals,2,5,
2017-12-13,Boston Bruins,Detroit Red Wings,3,2,OT
2017-12-13,Dallas Stars,New York Islanders,5,2,
2017-12-13,New York Rangers,Ottawa Senators,2,3,
2017-12-13,Nashville Predators,Vancouver Canucks,7,1,
2017-12-14,Tampa Bay Lightning,Arizona Coyotes,4,1,
2017-12-14,Washington Capitals,Boston Bruins,5,3,
2017-12-14,New York Islanders,Columbus Blue Jackets,4,6,
2017-12-14,San Jose Sharks,Calgary Flames,3,2,
2017-12-14,Florida Panthers,Colorado Avalanche,1,2,
2017-12-14,Nashville Predators,Edmonton Oilers,4,0,
2017-12-14,Toronto Maple Leafs,Minnesota Wild,0,2,
2017-12-14,New Jersey Devils,Montreal Canadiens,1,2,OT
2017-12-14,Buffalo Sabres,Philadelphia Flyers,1,2,
2017-12-14,Anaheim Ducks,St. Louis Blues,3,1,
2017-12-14,Pittsburgh Penguins,Vegas Golden Knights,1,2,
2017-12-14,Chicago Blackhawks,Winnipeg Jets,5,1,
2017-12-15,Carolina Hurricanes,Buffalo Sabres,5,4,OT
2017-12-15,Toronto Maple Leafs,Detroit Red Wings,1,3,
2017-12-15,Dallas Stars,New Jersey Devils,2,5,
2017-12-15,Los Angeles Kings,New York Rangers,2,4,
2017-12-15,San Jose Sharks,Vancouver Canucks,3,4,OT
2017-12-16,Pittsburgh Penguins,Arizona Coyotes,4,2,
2017-12-16,New York Rangers,Boston Bruins,3,2,OT
2017-12-16,Columbus Blue Jackets,Carolina Hurricanes,1,2,
2017-12-16,Nashville Predators,Calgary Flames,2,0,
2017-12-16,Tampa Bay Lightning,Colorado Avalanche,6,5,
2017-12-16,Edmonton Oilers,Minnesota Wild,3,2,
2017-12-16,Los Angeles Kings,New York Islanders,3,4,OT
2017-12-16,Montreal Canadiens,Ottawa Senators,0,3,
2017-12-16,Dallas Stars,Philadelphia Flyers,1,2,OT
2017-12-16,Winnipeg Jets,St. Louis Blues,0,2,
2017-12-16,Anaheim Ducks,Washington Capitals,2,3,OT
2017-12-17,Minnesota Wild,Chicago Blackhawks,1,4,
2017-12-17,Calgary Flames,Vancouver Canucks,6,1,
2017-12-17,Florida Panthers,Vegas Golden Knights,2,5,
2017-12-17,St. Louis Blues,Winnipeg Jets,0,4,
2017-12-18,Columbus Blue Jackets,Boston Bruins,2,7,
2017-12-18,Pittsburgh Penguins,Colorado Avalanche,2,4,
2017-12-18,San Jose Sharks,Edmonton Oilers,3,5,
2017-12-18,Anaheim Ducks,New Jersey Devils,3,5,
2017-12-18,Los Angeles Kings,Philadelphia Flyers,4,1,
2017-12-19,Florida Panthers,Arizona Coyotes,3,2,
2017-12-19,Boston Bruins,Buffalo Sabres,3,0,
2017-12-19,Washington Capitals,Dallas Stars,4,3,OT
2017-12-19,Winnipeg Jets,Nashville Predators,6,4,
2017-12-19,Detroit Red Wings,New York Islanders,6,3,
2017-12-19,Anaheim Ducks,New York Rangers,1,4,
2017-12-19,Minnesota Wild,Ottawa Senators,6,4,
2017-12-19,Carolina Hurricanes,Toronto Maple Leafs,1,8,
2017-12-19,Montreal Canadiens,Vancouver Canucks,7,5,
2017-12-19,Tampa Bay Lightning,Vegas Golden Knights,3,4,
2017-12-20,Toronto Maple Leafs,Columbus Blue Jackets,2,4,
2017-12-20,St. Louis Blues,Calgary Flames,1,2,
2017-12-20,Detroit Red Wings,Philadelphia Flyers,3,4,
2017-12-21,Winnipeg Jets,Boston Bruins,1,2,SO
2017-12-21,Chicago Blackhawks,Dallas Stars,0,4,
2017-12-21,St. Louis Blues,Edmonton Oilers,2,3,
2017-12-21,Colorado Avalanche,Los Angeles Kings,1,2,OT
2017-12-21,New York Rangers,New Jersey Devils,3,4,SO
2017-12-21,Carolina Hurricanes,Nashville Predators,4,1,
2017-12-21,Anaheim Ducks,New York Islanders,5,4,OT
2017-12-21,Columbus Blue Jackets,Pittsburgh Penguins,2,3,SO
2017-12-21,Vancouver Canucks,San Jose Sharks,4,5,OT
2017-12-21,Ottawa Senators,Tampa Bay Lightning,3,4,SO
2017-12-22,Washington Capitals,Arizona Coyotes,2,3,OT
2017-12-22,Philadelphia Flyers,Buffalo Sabres,2,4,
2017-12-22,Montreal Canadiens,Calgary Flames,3,2,
2017-12-22,Minnesota Wild,Florida Panthers,2,4,
2017-12-23,Colorado Avalanche,Arizona Coyotes,6,2,
2017-12-23,Detroit Red Wings,Boston Bruins,1,3,
2017-12-23,Buffalo Sabres,Carolina Hurricanes,2,4,
2017-12-23,Philadelphia Flyers,Columbus Blue Jackets,1,2,SO
2017-12-23,Nashville Predators,Dallas Stars,3,4,SO
2017-12-23,Montreal Canadiens,Edmonton Oilers,1,4,
2017-12-23,Ottawa Senators,Florida Panthers,0,1,
2017-12-23,Chicago Blackhawks,New Jersey Devils,1,4,
2017-12-23,Winnipeg Jets,New York Islanders,2,5,
2017-12-23,Toronto Maple Leafs,New York Rangers,3,2,
2017-12-23,Anaheim Ducks,Pittsburgh Penguins,4,0,
2017-12-23,Los Angeles Kings,San Jose Sharks,0,2,
2017-12-23,Minnesota Wild,Tampa Bay Lightning,0,3,
2017-12-23,St. Louis Blues,Vancouver Canucks,3,1,
2017-12-23,Washington Capitals,Vegas Golden Knights,0,3,
2017-12-27,Vegas Golden Knights,Anaheim Ducks,4,1,
2017-12-27,Ottawa Senators,Boston Bruins,1,5,
2017-12-27,Montreal Canadiens,Carolina Hurricanes,1,3,
2017-12-27,Arizona Coyotes,Colorado Avalanche,3,1,
2017-12-27,Dallas Stars,Minnesota Wild,2,4,
2017-12-27,Detroit Red Wings,New Jersey Devils,1,3,
2017-12-27,Buffalo Sabres,New York Islanders,2,3,OT
2017-12-27,Washington Capitals,New York Rangers,0,1,SO
2017-12-27,Columbus Blue Jackets,Pittsburgh Penguins,4,5,SO
2017-12-27,Nashville Predators,St. Louis Blues,2,1,
2017-12-27,Edmonton Oilers,Winnipeg Jets,3,4,
2017-12-28,Toronto Maple Leafs,Arizona Coyotes,7,4,
2017-12-28,Philadelphia Flyers,Florida Panthers,2,3,
2017-12-28,Vegas Golden Knights,Los Angeles Kings,3,2,OT
2017-12-28,Calgary Flames,San Jose Sharks,2,3,SO
2017-12-28,Montreal Canadiens,Tampa Bay Lightning,1,3,
2017-12-28,Chicago Blackhawks,Vancouver Canucks,2,5,
2017-12-28,Boston Bruins,Washington Capitals,3,4,SO
2017-12-29,Calgary Flames,Anaheim Ducks,1,2,
2017-12-29,Pittsburgh Penguins,Carolina Hurricanes,1,2,
2017-12-29,Toronto Maple Leafs,Colorado Avalanche,3,4,OT
2017-12-29,St. Louis Blues,Dallas Stars,2,4,
2017-12-29,New York Rangers,Detroit Red Wings,2,3,SO
2017-12-29,Chicago Blackhawks,Edmonton Oilers,4,3,OT
2017-12-29,Nashville Predators,Minnesota Wild,2,4,
2017-12-29,Buffalo Sabres,New Jersey Devils,4,3,OT
2017-12-29,Columbus Blue Jackets,Ottawa Senators,4,5,
2017-12-29,Philadelphia Flyers,Tampa Bay Lightning,5,3,
2017-12-29,New York Islanders,Winnipeg Jets,2,4,
2017-12-30,Montreal Canadiens,Florida Panthers,0,2,
2017-12-30,Minnesota Wild,Nashville Predators,0,3,
2017-12-30,Boston Bruins,Ottawa Senators,5,0,
2017-12-30,Carolina Hurricanes,St. Louis Blues,2,3,
2017-12-30,Los Angeles Kings,Vancouver Canucks,4,3,
2017-12-30,New Jersey Devils,Washington Capitals,2,5,
2017-12-31,Arizona Coyotes,Anaheim Ducks,2,5,
2017-12-31,Tampa Bay Lightning,Columbus Blue Jackets,5,0,
2017-12-31,Chicago Blackhawks,Calgary Flames,3,4,OT
2017-12-31,New York Islanders,Colorado Avalanche,1,6,
2017-12-31,San Jose Sharks,Dallas Stars,0,6,
2017-12-31,Pittsburgh Penguins,Detroit Red Wings,1,4,
2017-12-31,Winnipeg Jets,Edmonton Oilers,5,0,
2017-12-31,Toronto Maple Leafs,Vegas Golden Knights,3,6,
2018-01-01,New York Rangers,Buffalo Sabres,3,2,OT
2018-01-02,Washington Capitals,Carolina Hurricanes,5,4,OT
2018-01-02,Winnipeg Jets,Colorado Avalanche,2,3,OT
2018-01-02,Columbus Blue Jackets,Dallas Stars,2,1,
2018-01-02,Los Angeles Kings,Edmonton Oilers,5,0,
2018-01-02,Florida Panthers,Minnesota Wild,1,5,
2018-01-02,San Jose Sharks,Montreal Canadiens,4,1,
2018-01-02,Boston Bruins,New York Islanders,5,1,
2018-01-02,Pittsburgh Penguins,Philadelphia Flyers,5,1,
2018-01-02,New Jersey Devils,St. Louis Blues,2,3,SO
2018-01-02,Tampa Bay Lightning,Toronto Maple Leafs,2,0,
2018-01-02,Anaheim Ducks,Vancouver Canucks,5,0,
2018-01-02,Nashville Predators,Vegas Golden Knights,0,3,
2018-01-03,Ottawa Senators,Detroit Red Wings,1,2,OT
2018-01-03,Chicago Blackhawks,New York Rangers,5,2,
2018-01-04,Nashville Predators,Arizona Coyotes,2,3,OT
2018-01-04,Los Angeles Kings,Calgary Flames,3,4,
2018-01-04,Columbus Blue Jackets,Colorado Avalanche,0,2,
2018-01-04,New Jersey Devils,Dallas Stars,3,4,
2018-01-04,Anaheim Ducks,Edmonton Oilers,1,2,SO
2018-01-04,Buffalo Sabres,Minnesota Wild,2,6,
2018-01-04,Tampa Bay Lightning,Montreal Canadiens,1,2,SO
2018-01-04,New York Islanders,Philadelphia Flyers,4,6,
2018-01-04,Carolina Hurricanes,Pittsburgh Penguins,4,0,
2018-01-04,Vegas Golden Knights,St. Louis Blues,1,2,
2018-01-04,San Jose Sharks,Toronto Maple Leafs,2,3,SO
2018-01-05,Vegas Golden Knights,Chicago Blackhawks,5,4,
2018-01-05,Florida Panthers,Detroit Red Wings,2,4,
2018-01-05,Pittsburgh Penguins,New York Islanders,4,0,
2018-01-05,San Jose Sharks,Ottawa Senators,5,6,OT
2018-01-05,Buffalo Sabres,Winnipeg Jets,3,4,
2018-01-06,New York Rangers,Arizona Coyotes,2,1,SO
2018-01-06,Carolina Hurricanes,Boston Bruins,1,7,
2018-01-06,Anaheim Ducks,Calgary Flames,2,3,
2018-01-06,Minnesota Wild,Colorado Avalanche,2,7,
2018-01-06,Edmonton Oilers,Dallas Stars,1,5,
2018-01-06,Nashville Predators,Los Angeles Kings,4,3,
2018-01-06,Tampa Bay Lightning,Ottawa Senators,3,6,
2018-01-06,St. Louis Blues,Philadelphia Flyers,3,6,
2018-01-06,Vancouver Canucks,Toronto Maple Leafs,2,3,SO
2018-01-07,Florida Panthers,Columbus Blue Jackets,2,3,SO
2018-01-07,Edmonton Oilers,Chicago Blackhawks,1,4,
2018-01-07,Tampa Bay Lightning,Detroit Red Wings,5,2,
2018-01-07,Vancouver Canucks,Montreal Canadiens,2,5,
2018-01-07,New Jersey Devils,New York Islanders,4,5,SO
2018-01-07,Buffalo Sabres,Philadelphia Flyers,1,4,
2018-01-07,Boston Bruins,Pittsburgh Penguins,5,6,OT
2018-01-07,New York Rangers,Vegas Golden Knights,1,2,
2018-01-07,San Jose Sharks,Winnipeg Jets,1,4,
2018-01-07,St. Louis Blues,Washington Capitals,3,4,OT
2018-01-08,Columbus Blue Jackets,Toronto Maple Leafs,3,2,OT
2018-01-09,Winnipeg Jets,Buffalo Sabres,7,4,
2018-01-09,Calgary Flames,Minnesota Wild,3,2,OT
2018-01-09,Edmonton Oilers,Nashville Predators,1,2,
2018-01-09,Chicago Blackhawks,Ottawa Senators,8,2,
2018-01-09,Florida Panthers,St. Louis Blues,7,4,
2018-01-09,Carolina Hurricanes,Tampa Bay Lightning,4,5,
2018-01-09,Vancouver Canucks,Washington Capitals,1,3,
2018-01-10,Minnesota Wild,Chicago Blackhawks,2,1,
2018-01-10,Ottawa Senators,Toronto Maple Leafs,4,3,
2018-01-11,Columbus Blue Jackets,Buffalo Sabres,1,3,
2018-01-11,Calgary Flames,Tampa Bay Lightning,5,1,
2018-01-11,Carolina Hurricanes,Washington Capitals,3,1,
2018-01-12,Edmonton Oilers,Arizona Coyotes,4,2,
2018-01-12,Washington Capitals,Carolina Hurricanes,4,3,
2018-01-12,Vancouver Canucks,Columbus Blue Jackets,5,2,
2018-01-12,Winnipeg Jets,Chicago Blackhawks,1,2,
2018-01-12,Calgary Flames,Florida Panthers,4,2,
2018-01-13,Colorado Avalanche,Dallas Stars,4,1,
2018-01-13,Anaheim Ducks,Los Angeles Kings,4,2,
2018-01-13,Winnipeg Jets,Minnesota Wild,1,4,
2018-01-13,Boston Bruins,Montreal Canadiens,4,3,SO
2018-01-13,Philadelphia Flyers,New Jersey Devils,5,3,
2018-01-13,New York Islanders,New York Rangers,7,2,
2018-01-13,Detroit Red Wings,Pittsburgh Penguins,1,4,
2018-01-13,Arizona Coyotes,San Jose Sharks,5,6,OT
2018-01-13,Edmonton Oilers,Vegas Golden Knights,3,2,OT
2018-01-14,Calgary Flames,Carolina Hurricanes,4,1,
2018-01-14,Detroit Red Wings,Chicago Blackhawks,4,0,
2018-01-14,Vancouver Canucks,Minnesota Wild,3,2,OT
2018-01-14,New York Rangers,Pittsburgh Penguins,2,5,
2018-01-15,Dallas Stars,Boston Bruins,3,2,OT
2018-01-15,Anaheim Ducks,Colorado Avalanche,1,3,
2018-01-15,San Jose Sharks,Los Angeles Kings,4,1,
2018-01-15,New York Islanders,Montreal Canadiens,5,4,OT
2018-01-16,San Jose Sharks,Arizona Coyotes,3,2,SO
2018-01-16,Dallas Stars,Detroit Red Wings,4,2,
2018-01-16,Vegas Golden Knights,Nashville Predators,0,1,
2018-01-16,New Jersey Devils,New York Islanders,4,1,
2018-01-16,Philadelphia Flyers,New York Rangers,1,5,
2018-01-16,St. Louis Blues,Toronto Maple Leafs,2,1,OT
2018-01-17,Pittsburgh Penguins,Anaheim Ducks,3,5,
2018-01-17,Montreal Canadiens,Boston Bruins,1,4,
2018-01-18,Dallas Stars,Columbus Blue Jackets,1,2,SO
2018-01-18,San Jose Sharks,Colorado Avalanche,3,5,
2018-01-18,Pittsburgh Penguins,Los Angeles Kings,3,1,
2018-01-18,Washington Capitals,New Jersey Devils,3,4,OT
2018-01-18,Arizona Coyotes,Nashville Predators,2,3,SO
2018-01-18,Boston Bruins,New York Islanders,5,2,
2018-01-18,Buffalo Sabres,New York Rangers,3,4,
2018-01-18,St. Louis Blues,Ottawa Senators,4,1,
2018-01-18,Toronto Maple Leafs,Philadelphia Flyers,2,3,OT
2018-01-18,Vegas Golden Knights,Tampa Bay Lightning,4,1,
2018-01-19,Los Angeles Kings,Anaheim Ducks,1,2,
2018-01-19,Vegas Golden Knights,Florida Panthers,3,4,OT
2018-01-19,Montreal Canadiens,Washington Capitals,3,2,
2018-01-20,Dallas Stars,Buffalo Sabres,7,1,
2018-01-20,Winnipeg Jets,Calgary Flames,2,1,SO
2018-01-20,New York Islanders,Chicago Blackhawks,7,3,
2018-01-20,New York Rangers,Colorado Avalanche,1,3,
2018-01-20,Carolina Hurricanes,Detroit Red Wings,3,1,
2018-01-20,Vancouver Canucks,Edmonton Oilers,2,5,
2018-01-20,Tampa Bay Lightning,Minnesota Wild,2,5,
2018-01-20,Boston Bruins,Montreal Canadiens,4,1,
2018-01-20,Florida Panthers,Nashville Predators,3,4,
2018-01-20,Toronto Maple Leafs,Ottawa Senators,4,3,
2018-01-20,New Jersey Devils,Philadelphia Flyers,1,3,
2018-01-20,Pittsburgh Penguins,San Jose Sharks,1,2,
2018-01-20,Arizona Coyotes,St. Louis Blues,5,2,
2018-01-21,San Jose Sharks,Anaheim Ducks,6,2,
2018-01-21,Vegas Golden Knights,Carolina Hurricanes,5,1,
2018-01-21,New York Rangers,Los Angeles Kings,2,4,
2018-01-21,Vancouver Canucks,Winnipeg Jets,0,1,
2018-01-21,Philadelphia Flyers,Washington Capitals,2,1,OT
2018-01-22,New York Islanders,Arizona Coyotes,2,3,OT
2018-01-22,Buffalo Sabres,Calgary Flames,2,1,OT
2018-01-22,Tampa Bay Lightning,Chicago Blackhawks,2,0,
2018-01-22,Ottawa Senators,Minnesota Wild,1,3,
2018-01-22,Detroit Red Wings,New Jersey Devils,3,0,
2018-01-22,Colorado Avalanche,Toronto Maple Leafs,4,2,
2018-01-23,New York Rangers,Anaheim Ducks,3,6,
2018-01-23,New Jersey Devils,Boston Bruins,2,3,
2018-01-23,Florida Panthers,Dallas Stars,1,6,
2018-01-23,Philadelphia Flyers,Detroit Red Wings,3,2,OT
2018-01-23,Buffalo Sabres,Edmonton Oilers,5,0,
2018-01-23,Colorado Avalanche,Montreal Canadiens,2,4,
2018-01-23,Tampa Bay Lightning,Nashville Predators,4,3,OT
2018-01-23,Carolina Hurricanes,Pittsburgh Penguins,1,3,
2018-01-23,Winnipeg Jets,San Jose Sharks,5,4,OT
2018-01-23,Ottawa Senators,St. Louis Blues,0,3,
2018-01-23,Los Angeles Kings,Vancouver Canucks,2,6,
2018-01-23,Columbus Blue Jackets,Vegas Golden Knights,3,6,
2018-01-24,Los Angeles Kings,Calgary Flames,2,1,OT
2018-01-24,Toronto Maple Leafs,Chicago Blackhawks,3,2,OT
2018-01-25,Winnipeg Jets,Anaheim Ducks,3,4,SO
2018-01-25,Columbus Blue Jackets,Arizona Coyotes,2,1,
2018-01-25,Toronto Maple Leafs,Dallas Stars,4,1,
2018-01-25,Chicago Blackhawks,Detroit Red Wings,5,1,
2018-01-25,Calgary Flames,Edmonton Oilers,3,4,SO
2018-01-25,Washington Capitals,Florida Panthers,4,2,
2018-01-25,Carolina Hurricanes,Montreal Canadiens,6,5,
2018-01-25,Nashville Predators,New Jersey Devils,3,0,
2018-01-25,Boston Bruins,Ottawa Senators,3,2,
2018-01-25,Tampa Bay Lightning,Philadelphia Flyers,5,1,
2018-01-25,Minnesota Wild,Pittsburgh Penguins,3,6,
2018-01-25,New York Rangers,San Jose Sharks,6,5,
2018-01-25,Colorado Avalanche,St. Louis Blues,1,3,
2018-01-25,Buffalo Sabres,Vancouver Canucks,4,0,
2018-01-25,New York Islanders,Vegas Golden Knights,2,1,
2018-01-30,Anaheim Ducks,Boston Bruins,3,1,
2018-01-30,New Jersey Devils,Buffalo Sabres,3,1,
2018-01-30,Ottawa Senators,Carolina Hurricanes,1,2,
2018-01-30,Minnesota Wild,Columbus Blue Jackets,3,2,SO
2018-01-30,Vegas Golden Knights,Calgary Flames,4,2,
2018-01-30,Los Angeles Kings,Dallas Stars,3,0,
2018-01-30,Chicago Blackhawks,Nashville Predators,2,1,
2018-01-30,Florida Panthers,New York Islanders,4,1,
2018-01-30,San Jose Sharks,Pittsburgh Penguins,2,5,
2018-01-30,Montreal Canadiens,St. Louis Blues,1,3,
2018-01-30,Colorado Avalanche,Vancouver Canucks,3,4,OT
2018-01-30,Tampa Bay Lightning,Winnipeg Jets,1,3,
2018-01-31,San Jose Sharks,Detroit Red Wings,1,2,SO
2018-01-31,New York Islanders,Toronto Maple Leafs,0,5,
2018-01-31,Philadelphia Flyers,Washington Capitals,3,5,
2018-02-01,Dallas Stars,Arizona Coyotes,4,1,
2018-02-01,St. Louis Blues,Boston Bruins,1,3,
2018-02-01,Florida Panthers,Buffalo Sabres,4,2,
2018-02-01,Montreal Canadiens,Carolina Hurricanes,0,2,
2018-02-01,Tampa Bay Lightning,Calgary Flames,7,4,
2018-02-01,Colorado Avalanche,Edmonton Oilers,4,3,OT
2018-02-01,Philadelphia Flyers,New Jersey Devils,3,4,
2018-02-01,Los Angeles Kings,Nashville Predators,0,5,
2018-02-01,Toronto Maple Leafs,New York Rangers,4,0,
2018-02-01,Anaheim Ducks,Ottawa Senators,1,2,OT
2018-02-01,Chicago Blackhawks,Vancouver Canucks,2,4,
2018-02-01,Vegas Golden Knights,Winnipeg Jets,3,2,OT
2018-02-02,Detroit Red Wings,Carolina Hurricanes,4,1,
2018-02-02,San Jose Sharks,Columbus Blue Jackets,3,1,
2018-02-02,Vegas Golden Knights,Minnesota Wild,2,5,
2018-02-02,Washington Capitals,Pittsburgh Penguins,4,7,
2018-02-03,Toronto Maple Leafs,Boston Bruins,1,4,
2018-02-03,St. Louis Blues,Buffalo Sabres,1,0,
2018-02-03,Chicago Blackhawks,Calgary Flames,3,4,OT
2018-02-03,Minnesota Wild,Dallas Stars,1,6,
2018-02-03,Detroit Red Wings,Florida Panthers,2,3,
2018-02-03,Arizona Coyotes,Los Angeles Kings,0,6,
2018-02-03,Anaheim Ducks,Montreal Canadiens,2,5,
2018-02-03,Pittsburgh Penguins,New Jersey Devils,1,3,
2018-02-03,New York Rangers,Nashville Predators,2,5,
2018-02-03,Columbus Blue Jackets,New York Islanders,3,4,
2018-02-03,Ottawa Senators,Philadelphia Flyers,4,3,SO
2018-02-03,Tampa Bay Lightning,Vancouver Canucks,4,2,
2018-02-03,Colorado Avalanche,Winnipeg Jets,0,3,
2018-02-04,San Jose Sharks,Carolina Hurricanes,3,1,
2018-02-04,Ottawa Senators,Montreal Canadiens,1,4,
2018-02-04,Vegas Golden Knights,Washington Capitals,4,3,
2018-02-05,New York Rangers,Dallas Stars,1,2,
2018-02-05,Tampa Bay Lightning,Edmonton Oilers,2,6,
2018-02-05,Nashville Predators,New York Islanders,5,4,OT
2018-02-05,Anaheim Ducks,Toronto Maple Leafs,4,7,
2018-02-06,Anaheim Ducks,Buffalo Sabres,4,3,OT
2018-02-06,Philadelphia Flyers,Carolina Hurricanes,2,1,OT
2018-02-06,Washington Capitals,Columbus Blue Jackets,3,2,
2018-02-06,Calgary Flames,Chicago Blackhawks,3,2,
2018-02-06,San Jose Sharks,Colorado Avalanche,1,3,
2018-02-06,Boston Bruins,Detroit Red Wings,3,2,
2018-02-06,Vancouver Canucks,Florida Panthers,1,3,
2018-02-06,New Jersey Devils,Ottawa Senators,3,5,
2018-02-06,Vegas Golden Knights,Pittsburgh Penguins,4,5,
2018-02-06,Minnesota Wild,St. Louis Blues,6,2,
2018-02-06,Arizona Coyotes,Winnipeg Jets,3,4,
2018-02-07,Edmonton Oilers,Los Angeles Kings,2,5,
2018-02-07,Boston Bruins,New York Rangers,6,1,
2018-02-07,Nashville Predators,Toronto Maple Leafs,2,3,SO
2018-02-08,New York Islanders,Buffalo Sabres,3,4,
2018-02-08,Dallas Stars,Chicago Blackhawks,4,2,
2018-02-08,Arizona Coyotes,Minnesota Wild,4,3,OT
2018-02-08,Calgary Flames,New Jersey Devils,3,2,
2018-02-08,Nashville Predators,Ottawa Senators,3,4,OT
2018-02-08,Montreal Canadiens,Philadelphia Flyers,3,5,
2018-02-08,Vegas Golden Knights,San Jose Sharks,5,3,
2018-02-08,Colorado Avalanche,St. Louis Blues,1,6,
2018-02-08,Vancouver Canucks,Tampa Bay Lightning,2,5,
2018-02-09,Edmonton Oilers,Anaheim Ducks,2,3,
2018-02-09,Vancouver Canucks,Carolina Hurricanes,1,4,
2018-02-09,Pittsburgh Penguins,Dallas Stars,3,4,SO
2018-02-09,Los Angeles Kings,Florida Panthers,3,1,
2018-02-09,Detroit Red Wings,New York Islanders,6,7,OT
2018-02-09,Calgary Flames,New York Rangers,3,4,
2018-02-09,St. Louis Blues,Winnipeg Jets,5,2,
2018-02-09,Columbus Blue Jackets,Washington Capitals,2,4,
2018-02-10,Philadelphia Flyers,Arizona Coyotes,4,3,SO
2018-02-10,Buffalo Sabres,Boston Bruins,4,2,
2018-02-10,Colorado Avalanche,Carolina Hurricanes,1,3,
2018-02-10,New Jersey Devils,Columbus Blue Jackets,1,6,
2018-02-10,Chicago Blackhawks,Minnesota Wild,0,3,
2018-02-10,Nashville Predators,Montreal Canadiens,3,2,SO
2018-02-10,Edmonton Oilers,San Jose Sharks,4,6,
2018-02-10,Los Angeles Kings,Tampa Bay Lightning,3,4,
2018-02-10,Ottawa Senators,Toronto Maple Leafs,3,6,
2018-02-11,San Jose Sharks,Anaheim Ducks,3,2,SO
2018-02-11,Colorado Avalanche,Buffalo Sabres,5,4,
2018-02-11,Vancouver Canucks,Dallas Stars,6,0,
2018-02-11,Boston Bruins,New Jersey Devils,5,3,
2018-02-11,Calgary Flames,New York Islanders,3,2,
2018-02-11,Pittsburgh Penguins,St. Louis Blues,4,1,
2018-02-11,Philadelphia Flyers,Vegas Golden Knights,4,1,
2018-02-11,New York Rangers,Winnipeg Jets,3,1,
2018-02-11,Detroit Red Wings,Washington Capitals,5,4,OT
2018-02-12,Chicago Blackhawks,Arizona Coyotes,1,6,
2018-02-12,Florida Panthers,Edmonton Oilers,7,5,
2018-02-12,Tampa Bay Lightning,Toronto Maple Leafs,3,4,
2018-02-13,Calgary Flames,Boston Bruins,2,5,
2018-02-13,Tampa Bay Lightning,Buffalo Sabres,3,5,
2018-02-13,Los Angeles Kings,Carolina Hurricanes,3,7,
2018-02-13,Anaheim Ducks,Detroit Red Wings,1,2,
2018-02-13,New York Rangers,Minnesota Wild,2,3,
2018-02-13,St. Louis Blues,Nashville Predators,3,4,OT
2018-02-13,Columbus Blue Jackets,New York Islanders,4,1,
2018-02-13,New Jersey Devils,Philadelphia Flyers,5,4,SO
2018-02-13,Ottawa Senators,Pittsburgh Penguins,3,6,
2018-02-13,Arizona Coyotes,San Jose Sharks,2,1,
2018-02-13,Chicago Blackhawks,Vegas Golden Knights,2,5,
2018-02-13,Washington Capitals,Winnipeg Jets,3,4,OT
2018-02-14,Montreal Canadiens,Colorado Avalanche,0,2,
2018-02-14,Columbus Blue Jackets,Toronto Maple Leafs,3,6,
2018-02-14,Florida Panthers,Vancouver Canucks,4,3,
2018-02-15,Montreal Canadiens,Arizona Coyotes,2,5,
2018-02-15,Anaheim Ducks,Chicago Blackhawks,3,2,
2018-02-15,Washington Capitals,Minnesota Wild,5,2,
2018-02-15,Carolina Hurricanes,New Jersey Devils,2,5,
2018-02-15,Calgary Flames,Nashville Predators,4,3,
2018-02-15,New York Rangers,New York Islanders,0,3,
2018-02-15,Buffalo Sabres,Ottawa Senators,2,3,OT
2018-02-15,Los Angeles Kings,Pittsburgh Penguins,1,3,
2018-02-15,Vancouver Canucks,San Jose Sharks,1,4,
2018-02-15,Detroit Red Wings,Tampa Bay Lightning,1,4,
2018-02-15,Edmonton Oilers,Vegas Golden Knights,1,4,
2018-02-16,New York Islanders,Carolina Hurricanes,3,0,
2018-02-16,Philadelphia Flyers,Columbus Blue Jackets,2,1,OT
2018-02-16,St. Louis Blues,Dallas Stars,1,2,
2018-02-16,Colorado Avalanche,Winnipeg Jets,1,6,
2018-02-17,Edmonton Oilers,Arizona Coyotes,0,1,
2018-02-17,Los Angeles Kings,Buffalo Sabres,4,2,
2018-02-17,Florida Panthers,Calgary Flames,6,3,
2018-02-17,Washington Capitals,Chicago Blackhawks,1,7,
2018-02-17,Anaheim Ducks,Minnesota Wild,3,2,SO
2018-02-17,Detroit Red Wings,Nashville Predators,3,1,
2018-02-17,New York Rangers,Ottawa Senators,3,6,
2018-02-17,Toronto Maple Leafs,Pittsburgh Penguins,3,5,
2018-02-17,New Jersey Devils,Tampa Bay Lightning,4,3,
2018-02-17,Boston Bruins,Vancouver Canucks,1,6,
2018-02-17,Montreal Canadiens,Vegas Golden Knights,3,6,
2018-02-18,New Jersey Devils,Carolina Hurricanes,3,2,OT
2018-02-18,Pittsburgh Penguins,Columbus Blue Jackets,5,2,
2018-02-18,Edmonton Oilers,Colorado Avalanche,4,2,
2018-02-18,Toronto Maple Leafs,Detroit Red Wings,3,2,
2018-02-18,Philadelphia Flyers,New York Rangers,7,4,
2018-02-18,Dallas Stars,San Jose Sharks,2,5,
2018-02-18,Florida Panthers,Winnipeg Jets,2,7,
2018-02-19,Washington Capitals,Buffalo Sabres,3,2,
2018-02-19,Boston Bruins,Calgary Flames,2,1,OT
2018-02-19,Los Angeles Kings,Chicago Blackhawks,3,1,
2018-02-19,Ottawa Senators,Nashville Predators,2,5,
2018-02-19,Minnesota Wild,New York Islanders,5,3,
2018-02-19,Anaheim Ducks,Vegas Golden Knights,2,0,
2018-02-20,Nashville Predators,Detroit Red Wings,3,2,
2018-02-20,Boston Bruins,Edmonton Oilers,3,2,
2018-02-20,Columbus Blue Jackets,New Jersey Devils,2,1,
2018-02-20,Montreal Canadiens,Philadelphia Flyers,2,3,OT
2018-02-20,San Jose Sharks,St. Louis Blues,3,2,
2018-02-20,Florida Panthers,Toronto Maple Leafs,0,1,
2018-02-20,Colorado Avalanche,Vancouver Canucks,5,4,OT
2018-02-20,Los Angeles Kings,Winnipeg Jets,4,3,
2018-02-20,Tampa Bay Lightning,Washington Capitals,4,2,
2018-02-21,Dallas Stars,Anaheim Ducks,0,2,
2018-02-21,Ottawa Senators,Chicago Blackhawks,2,3,SO
2018-02-21,Calgary Flames,Vegas Golden Knights,3,7,
2018-02-22,Calgary Flames,Arizona Coyotes,5,2,
2018-02-22,Buffalo Sabres,Detroit Red Wings,3,2,OT
2018-02-22,Colorado Avalanche,Edmonton Oilers,2,3,OT
2018-02-22,Washington Capitals,Florida Panthers,2,3,
2018-02-22,Dallas Stars,Los Angeles Kings,2,0,
2018-02-22,New York Rangers,Montreal Canadiens,1,3,
2018-02-22,Minnesota Wild,New Jersey Devils,4,2,
2018-02-22,San Jose Sharks,Nashville Predators,1,7,
2018-02-22,Tampa Bay Lightning,Ottawa Senators,4,3,
2018-02-22,Columbus Blue Jackets,Philadelphia Flyers,1,2,
2018-02-22,New York Islanders,Toronto Maple Leafs,3,4,SO
2018-02-23,Pittsburgh Penguins,Carolina Hurricanes,6,1,
2018-02-23,San Jose Sharks,Chicago Blackhawks,1,3,
2018-02-23,Minnesota Wild,New York Rangers,4,1,
2018-02-23,Winnipeg Jets,St. Louis Blues,4,0,
2018-02-23,Vancouver Canucks,Vegas Golden Knights,3,6,
2018-02-24,Anaheim Ducks,Arizona Coyotes,0,2,
2018-02-24,Chicago Blackhawks,Columbus Blue Jackets,2,3,
2018-02-24,Colorado Avalanche,Calgary Flames,1,5,
2018-02-24,Winnipeg Jets,Dallas Stars,5,3,
2018-02-24,Carolina Hurricanes,Detroit Red Wings,1,3,
2018-02-24,Pittsburgh Penguins,Florida Panthers,5,6,
2018-02-24,Edmonton Oilers,Los Angeles Kings,4,3,
2018-02-24,Tampa Bay Lightning,Montreal Canadiens,4,3,SO
2018-02-24,New York Islanders,New Jersey Devils,1,2,
2018-02-24,Philadelphia Flyers,Ottawa Senators,5,3,
2018-02-24,Boston Bruins,Toronto Maple Leafs,3,4,
2018-02-24,Buffalo Sabres,Washington Capitals,1,5,
2018-02-25,Edmonton Oilers,Anaheim Ducks,6,5,SO
2018-02-25,Vancouver Canucks,Arizona Coyotes,3,1,
2018-02-25,Boston Bruins,Buffalo Sabres,1,4,
2018-02-25,San Jose Sharks,Minnesota Wild,2,3,OT
2018-02-25,St. Louis Blues,Nashville Predators,0,4,
2018-02-25,Detroit Red Wings,New York Rangers,3,2,OT
2018-02-26,Washington Capitals,Columbus Blue Jackets,1,5,
2018-02-26,Vancouver Canucks,Colorado Avalanche,1,3,
2018-02-26,Vegas Golden Knights,Los Angeles Kings,2,3,OT
2018-02-26,Philadelphia Flyers,Montreal Canadiens,1,0,SO
2018-02-26,Toronto Maple Leafs,Tampa Bay Lightning,3,4,SO
2018-02-27,Carolina Hurricanes,Boston Bruins,3,4,OT
2018-02-27,Calgary Flames,Dallas Stars,0,2,
2018-02-27,Toronto Maple Leafs,Florida Panthers,2,3,OT
2018-02-27,St. Louis Blues,Minnesota Wild,3,8,
2018-02-27,New Jersey Devils,Pittsburgh Penguins,3,2,
2018-02-27,Edmonton Oilers,San Jose Sharks,2,5,
2018-02-27,Los Angeles Kings,Vegas Golden Knights,4,1,
2018-02-27,Nashville Predators,Winnipeg Jets,6,5,
2018-02-27,Ottawa Senators,Washington Capitals,2,3,
2018-02-28,Calgary Flames,Colorado Avalanche,2,5,
2018-02-28,New York Islanders,Montreal Canadiens,1,3,
2018-02-28,Detroit Red Wings,St. Louis Blues,1,2,
2018-02-28,Buffalo Sabres,Tampa Bay Lightning,2,1,OT
2018-02-28,New York Rangers,Vancouver Canucks,6,5,OT
2018-03-01,Minnesota Wild,Arizona Coyotes,3,5,
2018-03-01,Pittsburgh Penguins,Boston Bruins,4,8,
2018-03-01,Tampa Bay Lightning,Dallas Stars,5,4,OT
2018-03-01,Nashville Predators,Edmonton Oilers,4,2,
2018-03-01,New Jersey Devils,Florida Panthers,2,3,
2018-03-01,Columbus Blue Jackets,Los Angeles Kings,2,5,
2018-03-01,Carolina Hurricanes,Philadelphia Flyers,4,1,
2018-03-01,Chicago Blackhawks,San Jose Sharks,2,7,
2018-03-02,Columbus Blue Jackets,Anaheim Ducks,2,4,
2018-03-02,New Jersey Devils,Carolina Hurricanes,1,3,
2018-03-02,New York Rangers,Calgary Flames,3,1,
2018-03-02,Minnesota Wild,Colorado Avalanche,1,7,
2018-03-02,Buffalo Sabres,Florida Panthers,1,4,
2018-03-02,Montreal Canadiens,New York Islanders,6,3,
2018-03-02,Nashville Predators,Vancouver Canucks,4,3,OT
2018-03-02,Ottawa Senators,Vegas Golden Knights,5,4,
2018-03-02,Detroit Red Wings,Winnipeg Jets,3,4,
2018-03-03,Ottawa Senators,Arizona Coyotes,1,2,
2018-03-03,Montreal Canadiens,Boston Bruins,1,2,OT
2018-03-03,St. Louis Blues,Dallas Stars,2,3,OT
2018-03-03,New York Rangers,Edmonton Oilers,3,2,
2018-03-03,Chicago Blackhawks,Los Angeles Kings,5,3,
2018-03-03,New York Islanders,Pittsburgh Penguins,2,3,OT
2018-03-03,Philadelphia Flyers,Tampa Bay Lightning,6,7,SO
2018-03-03,Toronto Maple Leafs,Washington Capitals,2,5,
2018-03-04,Chicago Blackhawks,Anaheim Ducks,3,6,
2018-03-04,Winnipeg Jets,Carolina Hurricanes,3,2,
2018-03-04,Nashville Predators,Colorado Avalanche,4,3,OT
2018-03-04,Philadelphia Flyers,Florida Panthers,1,4,
2018-03-04,Detroit Red Wings,Minnesota Wild,1,4,
2018-03-04,Vegas Golden Knights,New Jersey Devils,3,2,
2018-03-04,Columbus Blue Jackets,San Jose Sharks,4,2,
2018-03-05,Toronto Maple Leafs,Buffalo Sabres,3,5,
2018-03-05,Ottawa Senators,Dallas Stars,3,2,OT
2018-03-05,Arizona Coyotes,Edmonton Oilers,3,4,OT
2018-03-05,Calgary Flames,Pittsburgh Penguins,3,4,OT
2018-03-05,New York Islanders,Vancouver Canucks,3,4,OT
2018-03-06,Washington Capitals,Anaheim Ducks,0,4,
2018-03-06,Detroit Red Wings,Boston Bruins,5,6,OT
2018-03-06,Vegas Golden Knights,Columbus Blue Jackets,1,4,
2018-03-06,Colorado Avalanche,Chicago Blackhawks,1,2,OT
2018-03-06,Carolina Hurricanes,Minnesota Wild,2,6,
2018-03-06,Montreal Canadiens,New Jersey Devils,4,6,
2018-03-06,Dallas Stars,Nashville Predators,0,2,
2018-03-06,Winnipeg Jets,New York Rangers,3,0,
2018-03-06,Florida Panthers,Tampa Bay Lightning,4,5,OT
2018-03-07,Calgary Flames,Buffalo Sabres,5,1,
2018-03-07,Pittsburgh Penguins,Philadelphia Flyers,5,2,
2018-03-07,Arizona Coyotes,Vancouver Canucks,2,1,
2018-03-08,Philadelphia Flyers,Boston Bruins,2,3,
2018-03-08,Colorado Avalanche,Columbus Blue Jackets,4,5,OT
2018-03-08,Carolina Hurricanes,Chicago Blackhawks,3,2,
2018-03-08,Vegas Golden Knights,Detroit Red Wings,4,0,
2018-03-08,New York Islanders,Edmonton Oilers,1,2,SO
2018-03-08,Montreal Canadiens,Florida Panthers,0,5,
2018-03-08,Washington Capitals,Los Angeles Kings,1,3,
2018-03-08,Winnipeg Jets,New Jersey Devils,3,2,
2018-03-08,Anaheim Ducks,Nashville Predators,2,4,
2018-03-08,Buffalo Sabres,Ottawa Senators,4,3,SO
2018-03-08,St. Louis Blues,San Jose Sharks,0,2,
2018-03-08,New York Rangers,Tampa Bay Lightning,3,5,
2018-03-09,Detroit Red Wings,Columbus Blue Jackets,2,3,
2018-03-09,Anaheim Ducks,Dallas Stars,1,2,
2018-03-09,Calgary Flames,Ottawa Senators,2,1,
2018-03-09,Minnesota Wild,Vancouver Canucks,5,2,
2018-03-10,Chicago Blackhawks,Boston Bruins,4,7,
2018-03-10,Vegas Golden Knights,Buffalo Sabres,2,1,SO
2018-03-10,Arizona Coyotes,Colorado Avalanche,2,5,
2018-03-10,Minnesota Wild,Edmonton Oilers,1,4,
2018-03-10,New York Rangers,Florida Panthers,3,4,SO
2018-03-10,St. Louis Blues,Los Angeles Kings,7,2,
2018-03-10,New Jersey Devils,Nashville Predators,3,2,SO
2018-03-10,Winnipeg Jets,Philadelphia Flyers,1,2,
2018-03-10,Washington Capitals,San Jose Sharks,2,0,
2018-03-10,Montreal Canadiens,Tampa Bay Lightning,2,3,SO
2018-03-10,Pittsburgh Penguins,Toronto Maple Leafs,2,5,
2018-03-11,Vancouver Canucks,Arizona Coyotes,0,1,
2018-03-11,New York Islanders,Calgary Flames,5,2,
2018-03-11,Boston Bruins,Chicago Blackhawks,1,3,
2018-03-11,Dallas Stars,Pittsburgh Penguins,1,3,
2018-03-12,St. Louis Blues,Anaheim Ducks,4,2,
2018-03-12,Montreal Canadiens,Columbus Blue Jackets,2,5,
2018-03-12,Ottawa Senators,Florida Panthers,5,3,
2018-03-12,Vancouver Canucks,Los Angeles Kings,0,3,
2018-03-12,Carolina Hurricanes,New York Rangers,3,6,
2018-03-12,Vegas Golden Knights,Philadelphia Flyers,3,2,
2018-03-12,Detroit Red Wings,San Jose Sharks,3,5,
2018-03-12,Winnipeg Jets,Washington Capitals,2,3,OT
2018-03-13,Los Angeles Kings,Arizona Coyotes,3,4,SO
2018-03-13,Boston Bruins,Carolina Hurricanes,6,4,
2018-03-13,Edmonton Oilers,Calgary Flames,0,1,
2018-03-13,Colorado Avalanche,Minnesota Wild,5,1,
2018-03-13,Dallas Stars,Montreal Canadiens,2,4,
2018-03-13,Winnipeg Jets,Nashville Predators,1,3,
2018-03-13,Ottawa Senators,Tampa Bay Lightning,7,4,
2018-03-14,Vancouver Canucks,Anaheim Ducks,0,3,
2018-03-14,San Jose Sharks,Edmonton Oilers,4,3,OT
2018-03-14,Pittsburgh Penguins,New York Rangers,3,4,OT
2018-03-14,Dallas Stars,Toronto Maple Leafs,5,6,SO
2018-03-14,New Jersey Devils,Vegas Golden Knights,8,3,
2018-03-15,Nashville Predators,Arizona Coyotes,3,2,
2018-03-15,Toronto Maple Leafs,Buffalo Sabres,5,2,
2018-03-15,Boston Bruins,Florida Panthers,0,3,
2018-03-15,Detroit Red Wings,Los Angeles Kings,1,4,
2018-03-15,Pittsburgh Penguins,Montreal Canadiens,5,3,
2018-03-15,Washington Capitals,New York Islanders,7,3,
2018-03-15,Columbus Blue Jackets,Philadelphia Flyers,5,3,
2018-03-15,Colorado Avalanche,St. Louis Blues,4,1,
2018-03-15,Chicago Blackhawks,Winnipeg Jets,2,6,
2018-03-16,Detroit Red Wings,Anaheim Ducks,2,4,
2018-03-16,San Jose Sharks,Calgary Flames,7,4,
2018-03-16,Nashville Predators,Colorado Avalanche,4,2,
2018-03-16,Dallas Stars,Ottawa Senators,2,3,OT
2018-03-16,Minnesota Wild,Vegas Golden Knights,4,2,
2018-03-16,New York Islanders,Washington Capitals,3,6,
2018-03-17,Minnesota Wild,Arizona Coyotes,3,1,
2018-03-17,Chicago Blackhawks,Buffalo Sabres,3,5,
2018-03-17,Philadelphia Flyers,Carolina Hurricanes,4,2,
2018-03-17,Ottawa Senators,Columbus Blue Jackets,1,2,
2018-03-17,Edmonton Oilers,Florida Panthers,4,2,
2018-03-17,New Jersey Devils,Los Angeles Kings,3,0,
2018-03-17,New York Rangers,St. Louis Blues,3,4,OT
2018-03-17,Boston Bruins,Tampa Bay Lightning,3,0,
2018-03-17,Montreal Canadiens,Toronto Maple Leafs,0,4,
2018-03-17,San Jose Sharks,Vancouver Canucks,5,3,
2018-03-18,New Jersey Devils,Anaheim Ducks,2,4,
2018-03-18,St. Louis Blues,Chicago Blackhawks,5,4,OT
2018-03-18,Detroit Red Wings,Colorado Avalanche,1,5,
2018-03-18,Carolina Hurricanes,New York Islanders,4,3,
2018-03-18,Washington Capitals,Philadelphia Flyers,3,6,
2018-03-18,Edmonton Oilers,Tampa Bay Lightning,1,3,
2018-03-18,Calgary Flames,Vegas Golden Knights,0,4,
2018-03-18,Dallas Stars,Winnipeg Jets,2,4,
2018-03-19,Calgary Flames,Arizona Coyotes,2,5,
2018-03-19,Columbus Blue Jackets,Boston Bruins,5,4,OT
2018-03-19,Nashville Predators,Buffalo Sabres,4,0,
2018-03-19,Los Angeles Kings,Minnesota Wild,4,3,OT
2018-03-19,Florida Panthers,Montreal Canadiens,2,0,
2018-03-20,Edmonton Oilers,Carolina Hurricanes,7,3,
2018-03-20,Colorado Avalanche,Chicago Blackhawks,5,1,
2018-03-20,Philadelphia Flyers,Detroit Red Wings,4,5,SO
2018-03-20,Pittsburgh Penguins,New York Islanders,1,4,
2018-03-20,Columbus Blue Jackets,New York Rangers,5,3,
2018-03-20,Florida Panthers,Ottawa Senators,7,2,
2018-03-20,New Jersey Devils,San Jose Sharks,2,6,
2018-03-20,Toronto Maple Leafs,Tampa Bay Lightning,3,4,
2018-03-20,Vancouver Canucks,Vegas Golden Knights,1,4,
2018-03-20,Los Angeles Kings,Winnipeg Jets,1,2,OT
2018-03-20,Dallas Stars,Washington Capitals,3,4,
2018-03-21,Arizona Coyotes,Buffalo Sabres,4,1,
2018-03-21,Anaheim Ducks,Calgary Flames,4,0,
2018-03-21,Montreal Canadiens,Pittsburgh Penguins,3,5,
2018-03-21,Boston Bruins,St. Louis Blues,1,2,OT
2018-03-22,Arizona Coyotes,Carolina Hurricanes,5,6,
2018-03-22,Florida Panthers,Columbus Blue Jackets,0,4,
2018-03-22,Vancouver Canucks,Chicago Blackhawks,5,2,
2018-03-22,Los Angeles Kings,Colorado Avalanche,7,1,
2018-03-22,Washington Capitals,Detroit Red Wings,1,0,
2018-03-22,Toronto Maple Leafs,Nashville Predators,5,2,
2018-03-22,Tampa Bay Lightning,New York Islanders,7,6,
2018-03-22,Edmonton Oilers,Ottawa Senators,6,2,
2018-03-22,New York Rangers,Philadelphia Flyers,3,4,
2018-03-22,Vegas Golden Knights,San Jose Sharks,1,2,OT
2018-03-23,Montreal Canadiens,Buffalo Sabres,3,0,
2018-03-23,Boston Bruins,Dallas Stars,3,2,
2018-03-23,New Jersey Devils,Pittsburgh Penguins,4,3,OT
2018-03-23,Vancouver Canucks,St. Louis Blues,1,4,
2018-03-23,Anaheim Ducks,Winnipeg Jets,2,3,OT
2018-03-24,St. Louis Blues,Columbus Blue Jackets,2,1,
2018-03-24,Vegas Golden Knights,Colorado Avalanche,1,2,SO
2018-03-24,Los Angeles Kings,Edmonton Oilers,2,3,
2018-03-24,Arizona Coyotes,Florida Panthers,2,4,
2018-03-24,Nashville Predators,Minnesota Wild,1,4,
2018-03-24,Washington Capitals,Montreal Canadiens,6,4,
2018-03-24,Tampa Bay Lightning,New Jersey Devils,1,2,
2018-03-24,Chicago Blackhawks,New York Islanders,3,1,
2018-03-24,Buffalo Sabres,New York Rangers,1,5,
2018-03-24,Carolina Hurricanes,Ottawa Senators,5,2,
2018-03-24,Calgary Flames,San Jose Sharks,1,5,
2018-03-24,Detroit Red Wings,Toronto Maple Leafs,3,4,
2018-03-25,Vancouver Canucks,Dallas Stars,4,1,
2018-03-25,Anaheim Ducks,Edmonton Oilers,5,4,OT
2018-03-25,Boston Bruins,Minnesota Wild,2,1,OT
2018-03-25,Philadelphia Flyers,Pittsburgh Penguins,4,5,OT
2018-03-25,Nashville Predators,Winnipeg Jets,4,5,SO
2018-03-26,Ottawa Senators,Carolina Hurricanes,1,4,
2018-03-26,San Jose Sharks,Chicago Blackhawks,4,3,SO
2018-03-26,Calgary Flames,Los Angeles Kings,0,3,
2018-03-26,Detroit Red Wings,Montreal Canadiens,2,4,
2018-03-26,Florida Panthers,New York Islanders,3,0,
2018-03-26,Washington Capitals,New York Rangers,4,2,
2018-03-26,Arizona Coyotes,Tampa Bay Lightning,4,1,
2018-03-26,Buffalo Sabres,Toronto Maple Leafs,3,2,
2018-03-26,Colorado Avalanche,Vegas Golden Knights,1,4,
2018-03-27,Philadelphia Flyers,Dallas Stars,2,3,OT
2018-03-27,Pittsburgh Penguins,Detroit Red Wings,2,5,
2018-03-27,Columbus Blue Jackets,Edmonton Oilers,7,3,
2018-03-27,Carolina Hurricanes,New Jersey Devils,3,4,
2018-03-27,Minnesota Wild,Nashville Predators,1,2,SO
2018-03-27,New York Islanders,Ottawa Senators,4,3,
2018-03-27,San Jose Sharks,St. Louis Blues,2,3,OT
2018-03-27,Anaheim Ducks,Vancouver Canucks,1,4,
2018-03-27,Boston Bruins,Winnipeg Jets,4,5,SO
2018-03-28,Philadelphia Flyers,Colorado Avalanche,2,1,
2018-03-28,Florida Panthers,Toronto Maple Leafs,3,4,
2018-03-28,Arizona Coyotes,Vegas Golden Knights,3,2,
2018-03-28,New York Rangers,Washington Capitals,2,3,OT
2018-03-29,Tampa Bay Lightning,Boston Bruins,2,4,
2018-03-29,Detroit Red Wings,Buffalo Sabres,6,3,
2018-03-29,Columbus Blue Jackets,Calgary Flames,5,1,
2018-03-29,Winnipeg Jets,Chicago Blackhawks,2,6,
2018-03-29,Arizona Coyotes,Los Angeles Kings,2,4,
2018-03-29,Dallas Stars,Minnesota Wild,2,5,
2018-03-29,Pittsburgh Penguins,New Jersey Devils,4,3,OT
2018-03-29,San Jose Sharks,Nashville Predators,3,5,
2018-03-29,Florida Panthers,Ottawa Senators,2,3,OT
2018-03-29,Edmonton Oilers,Vancouver Canucks,1,2,
2018-03-30,Los Angeles Kings,Anaheim Ducks,1,2,OT
2018-03-30,Chicago Blackhawks,Colorado Avalanche,0,5,
2018-03-30,Toronto Maple Leafs,New York Islanders,5,4,
2018-03-30,Tampa Bay Lightning,New York Rangers,7,3,
2018-03-30,St. Louis Blues,Vegas Golden Knights,3,4,OT
2018-03-30,Carolina Hurricanes,Washington Capitals,4,1,
2018-03-31,St. Louis Blues,Arizona Coyotes,0,6,
2018-03-31,Florida Panthers,Boston Bruins,1,5,
2018-03-31,New York Rangers,Carolina Hurricanes,2,1,
2018-03-31,Edmonton Oilers,Calgary Flames,2,3,
2018-03-31,Minnesota Wild,Dallas Stars,1,4,
2018-03-31,Ottawa Senators,Detroit Red Wings,0,2,
2018-03-31,New York Islanders,New Jersey Devils,3,4,
2018-03-31,Buffalo Sabres,Nashville Predators,7,4,
2018-03-31,Montreal Canadiens,Pittsburgh Penguins,2,5,
2018-03-31,Winnipeg Jets,Toronto Maple Leafs,3,1,
2018-03-31,Columbus Blue Jackets,Vancouver Canucks,4,5,OT
2018-03-31,San Jose Sharks,Vegas Golden Knights,2,3,
2018-04-01,Colorado Avalanche,Anaheim Ducks,3,4,OT
2018-04-01,New Jersey Devils,Montreal Canadiens,2,1,
2018-04-01,Boston Bruins,Philadelphia Flyers,3,4,OT
2018-04-01,Washington Capitals,Pittsburgh Penguins,3,1,
2018-04-01,Nashville Predators,Tampa Bay Lightning,4,1,
2018-04-02,Carolina Hurricanes,Florida Panthers,2,3,
2018-04-02,Colorado Avalanche,Los Angeles Kings,1,3,
2018-04-02,Edmonton Oilers,Minnesota Wild,0,3,
2018-04-02,Winnipeg Jets,Ottawa Senators,6,5,
2018-04-02,Washington Capitals,St. Louis Blues,4,2,
2018-04-02,Buffalo Sabres,Toronto Maple Leafs,2,5,
2018-04-03,Detroit Red Wings,Columbus Blue Jackets,4,5,OT
2018-04-03,Arizona Coyotes,Calgary Flames,4,1,
2018-04-03,Nashville Predators,Florida Panthers,1,2,
2018-04-03,Winnipeg Jets,Montreal Canadiens,5,4,OT
2018-04-03,New York Rangers,New Jersey Devils,2,5,
2018-04-03,Philadelphia Flyers,New York Islanders,4,5,
2018-04-03,Dallas Stars,San Jose Sharks,4,2,
2018-04-03,Boston Bruins,Tampa Bay Lightning,0,4,
2018-04-03,Vegas Golden Knights,Vancouver Canucks,5,4,SO
2018-04-04,Minnesota Wild,Anaheim Ducks,1,3,
2018-04-04,Ottawa Senators,Buffalo Sabres,4,2,
2018-04-04,Chicago Blackhawks,St. Louis Blues,4,3,
2018-04-05,Pittsburgh Penguins,Columbus Blue Jackets,5,4,OT
2018-04-05,Montreal Canadiens,Detroit Red Wings,4,3,
2018-04-05,Vegas Golden Knights,Edmonton Oilers,3,4,
2018-04-05,Boston Bruins,Florida Panthers,2,3,
2018-04-05,Minnesota Wild,Los Angeles Kings,4,5,OT
2018-04-05,Toronto Maple Leafs,New Jersey Devils,1,2,
2018-04-05,New York Rangers,New York Islanders,1,2,
2018-04-05,Carolina Hurricanes,Philadelphia Flyers,3,4,
2018-04-05,Colorado Avalanche,San Jose Sharks,2,4,
2018-04-05,Arizona Coyotes,Vancouver Canucks,3,4,OT
2018-04-05,Calgary Flames,Winnipeg Jets,1,2,
2018-04-05,Nashville Predators,Washington Capitals,4,3,
2018-04-06,Dallas Stars,Anaheim Ducks,3,5,
2018-04-06,St. Louis Blues,Chicago Blackhawks,4,1,
2018-04-06,Ottawa Senators,Pittsburgh Penguins,0,4,
2018-04-06,Buffalo Sabres,Tampa Bay Lightning,5,7,
2018-04-07,Anaheim Ducks,Arizona Coyotes,3,0,
2018-04-07,Ottawa Senators,Boston Bruins,2,5,
2018-04-07,Tampa Bay Lightning,Carolina Hurricanes,2,3,OT
2018-04-07,Vegas Golden Knights,Calgary Flames,1,7,
2018-04-07,St. Louis Blues,Colorado Avalanche,2,5,
2018-04-07,New York Islanders,Detroit Red Wings,4,3,OT
2018-04-07,Vancouver Canucks,Edmonton Oilers,2,3,SO
2018-04-07,Buffalo Sabres,Florida Panthers,3,4,
2018-04-07,Dallas Stars,Los Angeles Kings,4,2,
2018-04-07,Columbus Blue Jackets,Nashville Predators,2,4,
2018-04-07,New York Rangers,Philadelphia Flyers,0,5,
2018-04-07,Minnesota Wild,San Jose Sharks,6,3,
2018-04-07,Montreal Canadiens,Toronto Maple Leafs,2,4,
2018-04-07,Chicago Blackhawks,Winnipeg Jets,1,4,
2018-04-07,New Jersey Devils,Washington Capitals,3,5,
2018-04-08,Florida Panthers,Boston Bruins,4,2,
