player,age,pos,team_id,games_played,goals,assists,points,plus_minus,pen_min,ps,shots,shot_pct,time_on_ice_avg,blocks,hits,faceoff_wins,faceoff_losses,faceoff_percentage
Justin Abdelkader,30,LW,DET,75,13,22,35,-11,78,2.5,110,11.8,16:33,40,174,47,50,48.5
Pontus Aberg,24,LW,TOT,53,4,12,16,9,10,1.3,70,5.7,12:10,8,24,4,8,33.3
Pontus Aberg,24,LW,NSH,37,2,6,8,8,8,0.6,39,5.1,11:06,7,16,4,6,40.0
Pontus Aberg,24,LW,EDM,16,2,6,8,1,2,0.7,31,6.5,14:38,1,8,0,2,0.0
Noel Acciari,26,C,BOS,60,10,1,11,-6,9,0.6,66,15.2,12:55,41,152,42,51,45.2
Kenny Agostino,25,LW,BOS,5,0,1,1,-1,4,0.0,11,0.0,12:03,1,4,0,1,0.0
Sebastian Aho,20,RW,CAR,78,29,36,65,4,24,7.6,200,14.5,17:55,17,65,78,94,45.3
Sebastian Aho,21,D,NYI,22,1,3,4,-5,6,0.3,24,4.2,16:15,13,10,0,1,0.0
Mark Alt,26,D,TOT,15,0,0,0,-1,2,0.1,11,0.0,12:27,18,17,0,0,
Mark Alt,26,D,PHI,8,0,0,0,0,2,0.1,5,0.0,13:26,7,11,0,0,
Mark Alt,26,D,COL,7,0,0,0,-1,0,0.0,6,0.0,11:20,11,6,0,0,
Karl Alzner,29,D,MTL,82,1,11,12,-7,40,2.6,84,1.2,20:05,144,141,0,0,
Michael Amadio,21,C,LAK,37,4,4,8,-2,8,0.6,28,14.3,9:19,9,18,74,96,43.5
Josh Anderson,23,RW,CBJ,63,19,11,30,-1,42,3.1,188,10.1,18:02,24,109,26,36,41.9
Lias Andersson,19,C,NYR,7,1,1,2,1,0,0.2,5,20.0,11:57,3,9,19,28,40.4
Rasmus Andersson,21,D,CGY,10,0,0,0,-1,4,0.1,8,0.0,15:26,10,2,0,0,
Andy Andreoff,26,LW,LAK,45,3,6,9,-6,50,0.3,47,6.4,9:23,11,77,24,29,45.3
Sven Andrighetto,24,RW,COL,50,8,14,22,-15,10,1.4,111,7.2,14:29,18,38,7,15,31.8
Artem Anisimov,29,C,CHI,72,20,11,31,-17,22,2.6,130,15.4,16:47,40,15,416,494,45.7
Victor Antipin,25,D,BUF,47,0,10,10,-9,18,1.4,40,0.0,15:17,41,14,0,0,
Darren Archibald,27,RW,VAN,27,4,5,9,-1,14,0.7,28,14.3,14:52,14,80,0,1,0.0
Josh Archibald,25,RW,TOT,42,5,6,11,-2,25,0.8,42,11.9,11:57,16,86,25,40,38.5
Josh Archibald,25,RW,ARI,39,5,6,11,-2,25,0.9,39,12.8,12:04,13,77,25,40,38.5
Josh Archibald,25,RW,PIT,3,0,0,0,0,0,-0.1,3,0.0,10:22,3,9,0,0,
Joel Armia,24,RW,WPG,79,12,17,29,3,22,2.5,128,9.4,12:36,39,86,7,8,46.7
Viktor Arvidsson,24,LW,NSH,78,29,32,61,20,36,7.6,247,11.7,17:45,52,30,11,22,33.3
Zach Aston-Reese,23,C,PIT,16,4,2,6,2,2,0.8,20,20.0,11:23,6,55,1,5,16.7
Andreas Athanasiou,23,LW,DET,71,16,17,33,-15,16,2.7,170,9.4,15:19,28,24,106,149,41.6
Cam Atkinson,28,RW,CBJ,65,24,22,46,19,14,5.9,231,10.4,18:54,29,32,21,44,32.3
Justin Auger,23,RW,LAK,2,0,0,0,-1,0,-0.1,1,0.0,8:00,2,2,0,0,
Yohann Auvitu,28,D,EDM,33,3,6,9,4,8,1.9,69,4.3,13:33,26,18,0,0,
David Backes,33,RW,BOS,57,14,19,33,2,53,3.4,160,8.8,15:24,25,137,125,117,51.7
Mikael Backlund,28,C,CGY,82,14,31,45,-21,78,2.8,214,6.5,19:01,40,54,705,705,50.0
Nicklas Backstrom,30,C,WSH,81,21,50,71,5,46,6.9,165,12.7,19:40,51,37,702,669,51.2
Sven Baertschi,25,LW,VAN,53,14,15,29,3,20,3.3,82,17.1,15:36,29,19,1,6,14.3
Josh Bailey,28,RW,NYI,76,18,53,71,-20,17,5.7,151,11.9,17:53,33,12,11,39,22.0
Justin Bailey,22,RW,BUF,12,3,1,4,-2,2,0.5,19,15.8,11:17,9,19,0,2,0.0
Chase Balisy,25,C,FLA,8,0,0,0,-2,0,-0.2,6,0.0,9:49,2,4,11,19,36.7
Nicholas Baptiste,22,RW,BUF,33,4,2,6,-4,14,0.4,45,8.9,9:58,3,16,2,7,22.2
Ivan Barbashev,22,C,STL,53,7,6,13,-1,4,1.0,45,15.6,12:12,25,70,61,98,38.4
Mark Barberio,27,D,COL,46,3,10,13,6,31,2.8,52,5.8,17:17,62,26,0,0,
Aleksander Barkov,22,C,FLA,79,27,51,78,9,14,8.0,256,10.5,22:04,67,30,908,789,53.5
Tyson Barrie,26,D,COL,68,14,43,57,-15,22,7.5,178,7.9,22:42,79,40,0,0,
Matt Bartkowski,29,D,CGY,18,0,3,3,-3,4,0.4,21,0.0,13:21,13,31,0,0,
Mathew Barzal,20,C,NYI,82,22,63,85,1,30,8.2,170,12.9,17:46,31,21,355,479,42.6
Jay Beagle,32,RW,WSH,79,7,15,22,3,16,1.4,65,10.8,12:27,44,69,584,414,58.5
Ethan Bear,20,D,EDM,18,1,3,4,-11,10,-0.1,20,5.0,18:38,28,14,0,0,
Francois Beauchemin,37,D,ANA,67,3,14,17,12,26,4.0,93,3.2,17:19,121,102,0,0,
Nathan Beaulieu,25,D,BUF,59,1,8,9,-19,36,0.9,67,1.5,15:57,65,45,0,0,
Anthony Beauvillier,20,LW,NYI,71,21,15,36,2,16,3.9,132,15.9,14:32,29,80,72,94,43.4
Matt Beleskey,29,LW,TOT,15,0,0,0,-9,21,-0.6,17,0.0,10:58,5,34,2,7,22.2
Matt Beleskey,29,LW,BOS,14,0,0,0,-8,17,-0.6,17,0.0,10:51,4,27,2,5,28.6
Matt Beleskey,29,LW,NYR,1,0,0,0,-1,4,-0.1,0,,12:37,1,7,0,2,0.0
Pierre-Edouard Bellemare,32,LW,VEG,72,6,10,16,5,14,0.9,92,6.5,12:20,63,41,355,339,51.2
Louis Belpedio,21,D,MIN,1,0,2,2,1,0,0.3,0,,15:47,1,1,0,0,
Jamie Benn,28,LW,DAL,82,36,43,79,20,54,10.3,241,14.9,19:49,62,140,381,345,52.5
Jordie Benn,30,D,MTL,77,4,11,15,-2,34,3.4,106,3.8,18:58,153,90,0,0,
Beau Bennett,26,RW,STL,6,0,0,0,-2,0,-0.2,6,0.0,10:48,1,9,1,2,33.3
Sam Bennett,21,C,CGY,82,11,15,26,-18,59,1.3,157,7.0,14:24,34,140,119,100,54.3
Matt Benning,23,D,EDM,73,6,15,21,5,49,4.1,111,5.4,17:17,82,149,0,0,
Patrice Bergeron,32,C,BOS,64,30,33,63,21,26,8.3,224,13.4,19:26,42,48,784,584,57.3
Patrik Berglund,29,C,STL,57,17,9,26,-5,30,2.8,112,15.2,16:09,36,111,173,141,55.1
Steve Bernier,32,RW,NYI,4,0,0,0,-2,0,-0.2,4,0.0,10:03,1,11,2,2,50.0
Christoph Bertschy,23,C,MIN,1,0,0,0,1,4,0.0,0,,5:23,0,0,0,0,
Tyler Bertuzzi,22,LW,DET,48,7,17,24,-7,39,1.8,83,8.4,14:24,38,53,1,7,12.5
Alex Biega,29,D,VAN,44,1,8,9,3,32,2.0,79,1.3,15:01,53,126,0,0,
Kevin Bieksa,36,D,ANA,59,0,8,8,-13,83,0.7,66,0.0,18:01,81,116,0,0,
Chris Bigras,22,D,COL,15,0,1,1,-2,2,0.1,8,0.0,13:52,15,12,0,0,
Anthony Bitetto,27,D,NSH,32,1,2,3,-1,27,0.6,25,4.0,13:26,31,40,0,0,
Anders Bjork,21,LW,BOS,30,4,8,12,2,6,1.1,30,13.3,12:21,11,19,1,1,50.0
Oliver Bjorkstrand,22,RW,CBJ,82,11,29,40,4,9,3.4,163,6.7,14:18,43,64,1,7,12.5
Nick Bjugstad,25,C,FLA,82,19,30,49,5,41,5.0,230,8.3,15:07,19,95,152,146,51.0
Samuel Blais,21,LW,STL,11,1,2,3,1,6,0.3,9,11.1,10:46,2,15,0,0,
Joseph Blandisi,23,LW,ANA,3,0,0,0,2,2,0.0,4,0.0,11:41,2,2,0,0,
Anton Blidh,22,LW,BOS,1,0,0,0,0,0,0.0,0,,10:23,0,3,0,0,
Mike Blunden,31,RW,OTT,1,0,0,0,0,0,0.0,1,0.0,6:31,0,6,0,0,
Mikkel Boedker,28,LW,SJS,74,15,22,37,0,12,3.7,119,12.6,13:21,24,41,5,14,26.3
Brock Boeser,20,RW,VAN,62,29,26,55,-5,16,6.8,179,16.2,17:30,24,29,10,29,25.6
Zach Bogosian,27,D,BUF,18,0,1,1,-9,20,-0.1,29,0.0,19:09,23,22,0,0,
Jared Boll,31,RW,ANA,10,1,0,1,0,16,0.1,4,25.0,4:26,0,9,0,0,
Nick Bonino,29,C,NSH,71,12,13,25,4,20,2.0,83,14.5,15:38,72,18,527,443,54.3
David Booth,33,LW,DET,28,4,1,5,-5,10,0.4,33,12.1,6:58,7,23,4,6,40.0
Andreas Borgman,22,D,TOR,48,3,8,11,4,28,2.2,46,6.5,13:41,36,121,0,0,
Henrik Borgstr√∂m,20,C,FLA,4,1,0,1,-1,0,0.1,6,16.7,12:40,1,1,15,22,40.5
Mark Borowiecki,28,D,OTT,52,3,8,11,-6,64,1.7,66,4.5,14:39,81,226,0,1,0.0
Robert Bortuzzo,28,D,STL,72,4,9,13,11,41,3.7,76,5.3,14:48,108,121,0,0,
Reid Boucher,24,C,VAN,20,3,2,5,-12,0,0.0,37,8.1,11:23,3,13,1,2,33.3
Lance Bouma,27,LW,CHI,53,3,6,9,1,36,0.3,56,5.4,10:39,27,132,14,19,42.4
Michael Bournival,25,LW,TBL,5,0,0,0,0,0,-0.1,5,0.0,9:21,5,8,0,0,
Gabriel Bourque,27,LW,COL,58,5,6,11,-6,12,0.4,44,11.4,10:54,59,123,7,16,30.4
Jay Bouwmeester,34,D,STL,35,2,5,7,5,16,2.1,45,4.4,20:08,58,29,0,0,
Madison Bowey,22,D,WSH,51,0,12,12,-3,24,1.5,47,0.0,13:43,42,48,0,0,
Johnny Boychuk,34,D,NYI,58,6,12,18,-8,30,2.3,141,4.3,20:12,112,114,0,0,
Travis Boyd,24,C,WSH,8,0,1,1,2,2,0.1,2,0.0,8:50,1,2,18,18,50.0
Brian Boyle,33,C,NJD,69,13,10,23,-9,45,2.0,120,10.8,13:17,26,126,420,412,50.5
Tyler Bozak,31,C,TOR,81,11,32,43,6,28,3.6,154,7.1,15:39,28,43,627,542,53.6
Derick Brassard,30,C,TOT,72,21,25,46,0,34,4.7,197,10.7,17:44,25,96,516,534,49.1
Derick Brassard,30,C,OTT,58,18,20,38,-1,30,3.9,164,11.0,18:21,22,78,433,440,49.6
Derick Brassard,30,C,PIT,14,3,5,8,1,4,0.8,33,9.1,15:12,3,18,83,94,46.9
Jesper Bratt,19,LW,NJD,74,13,22,35,-16,18,2.6,100,13.0,15:15,22,44,7,4,63.6
Justin Braun,30,D,SJS,81,5,28,33,7,28,6.4,115,4.3,21:20,152,143,0,0,
Connor Brickley,25,LW,FLA,44,4,8,12,-6,19,0.5,62,6.5,11:53,28,82,3,13,18.8
Daniel Brickley,22,D,LAK,1,0,1,1,1,0,0.2,0,,10:48,1,1,0,0,
Alex Broadhurst,24,C,CBJ,2,0,0,0,0,2,0.0,1,0.0,10:03,0,0,0,0,
T.J. Brodie,27,D,CGY,73,4,28,32,-16,18,4.6,118,3.4,23:41,99,24,0,0,
Jonas Brodin,24,D,MIN,73,6,15,21,23,30,5.8,77,7.8,21:36,139,34,0,0,
Kyle Brodziak,33,C,STL,81,10,23,33,13,33,3.2,113,8.8,13:28,55,83,504,463,52.1
Jonny Brodzinski,24,C,LAK,35,4,2,6,4,6,0.7,53,7.5,9:30,9,35,4,6,40.0
Troy Brouwer,32,RW,CGY,76,6,16,22,-7,53,1.0,79,7.6,13:56,42,125,101,116,46.5
Connor Brown,24,RW,TOR,82,14,14,28,0,18,2.1,119,11.8,15:01,28,23,59,93,38.8
Dustin Brown,33,RW,LAK,81,28,33,61,31,58,7.8,222,12.6,19:50,33,189,17,29,37.0
J.T. Brown,27,RW,TOT,47,2,5,7,-5,24,-0.1,40,5.0,9:04,23,71,51,66,43.6
J.T. Brown,27,RW,TBL,24,1,3,4,-1,12,0.0,18,5.6,9:22,14,41,51,66,43.6
J.T. Brown,27,RW,ANA,23,1,2,3,-4,12,-0.1,22,4.5,8:46,9,30,0,0,
Logan Brown,19,C,OTT,4,0,1,1,0,0,0.0,4,0.0,8:08,1,1,4,8,33.3
Pavel Buchnevich,22,RW,NYR,74,14,29,43,-3,20,4.0,136,10.3,15:01,35,51,12,34,26.1
Andre Burakovsky,22,LW,WSH,56,12,13,25,3,27,2.6,84,14.3,13:50,26,40,18,15,54.5
Erik Burgdoerfer,29,D,OTT,2,0,1,1,2,0,0.3,2,0.0,13:25,2,5,0,0,
Alexander Burmistrov,26,C,VAN,24,2,4,6,-5,12,0.2,18,11.1,11:59,4,20,87,94,48.1
Brent Burns,32,D,SJS,82,12,55,67,-16,46,9.1,332,3.6,25:15,136,79,0,0,
Alexandre Burrows,36,RW,OTT,71,6,8,14,-8,59,0.4,90,6.7,11:41,32,65,8,22,26.7
Will Butcher,23,D,NJD,81,5,39,44,1,8,6.6,88,5.7,16:04,62,21,0,0,
Chris Butler,31,D,STL,6,0,0,0,1,2,0.2,2,0.0,13:18,3,3,0,0,
Dustin Byfuglien,32,D,WPG,69,8,37,45,15,112,7.7,193,4.1,24:20,100,147,0,0,
Paul Byron,28,LW,MTL,82,20,15,35,-4,23,3.6,115,17.4,16:08,55,137,40,68,37.0
Drake Caggiula,23,LW,EDM,67,13,7,20,-13,37,1.3,104,12.5,13:33,33,147,11,42,20.8
Ryan Callahan,32,RW,TBL,67,5,13,18,-4,29,0.4,104,4.8,13:19,40,138,27,39,40.9
Matt Calvert,28,LW,CBJ,69,9,15,24,-10,33,1.5,108,8.3,13:23,35,61,15,29,34.1
Mike Cammalleri,35,LW,TOT,66,7,22,29,-3,18,2.0,128,5.5,13:46,32,43,77,67,53.5
Mike Cammalleri,35,LW,EDM,51,4,18,22,-4,14,1.3,104,3.8,14:06,27,33,62,51,54.9
Mike Cammalleri,35,LW,LAK,15,3,4,7,1,4,0.8,24,12.5,12:38,5,10,15,16,48.4
Kyle Capobianco,20,D,ARI,1,0,0,0,-1,0,-0.1,0,,13:33,1,3,0,0,
Paul Carey,29,C,NYR,60,7,7,14,-13,20,0.7,51,13.7,10:16,22,67,19,22,46.3
Brandon Carlo,21,D,BOS,76,0,6,6,10,45,2.7,76,0.0,19:14,84,89,1,0,100.0
John Carlson,28,D,WSH,82,15,53,68,0,32,9.8,237,6.3,24:47,146,47,0,1,0.0
Gabriel Carlsson,21,D,CBJ,14,0,2,2,0,4,0.3,18,0.0,11:20,10,10,0,0,
Ryan Carpenter,27,C,TOT,52,9,6,15,1,11,1.4,85,10.6,12:36,17,76,200,198,50.3
Ryan Carpenter,27,C,VEG,36,9,5,14,0,9,1.6,65,13.8,13:08,12,52,118,119,49.8
Ryan Carpenter,27,C,SJS,16,0,1,1,1,2,-0.1,20,0.0,11:24,5,24,82,79,50.9
Daniel Carr,26,LW,MTL,38,6,10,16,2,8,1.7,52,11.5,12:08,16,30,3,14,17.6
Connor Carrick,23,D,TOR,47,4,8,12,5,27,2.5,55,7.3,15:08,53,42,0,0,
Trevor Carrick,23,D,CAR,1,0,0,0,0,2,0.0,1,0.0,7:32,0,0,0,0,
William Carrier,23,LW,VEG,37,1,2,3,-3,19,-0.3,52,1.9,8:50,10,113,0,0,
Jeff Carter,33,C,LAK,27,13,9,22,4,2,3.0,85,15.3,17:51,11,27,222,176,55.8
Daniel Catenacci,24,C,NYR,1,0,0,0,-1,0,-0.1,1,0.0,11:03,1,1,0,0,
Colby Cave,23,C,BOS,3,0,0,0,0,2,-0.1,2,0.0,11:27,2,3,10,14,41.7
Cody Ceci,24,D,OTT,82,5,14,19,-27,12,2.2,143,3.5,23:20,171,163,0,0,
Peter Cehlarik,22,LW,BOS,6,1,1,2,2,2,0.2,3,33.3,13:56,3,3,2,2,50.0
Thomas Chabot,21,D,OTT,63,9,16,25,-12,14,3.6,94,9.6,17:31,64,44,0,0,
Michael Chaput,25,C,VAN,9,0,0,0,-4,5,-0.3,2,0.0,9:47,2,16,43,31,58.1
Zdeno Chara,40,D,BOS,73,7,17,24,22,60,6.3,144,4.9,22:54,118,141,0,0,
Ben Chiarot,26,D,WPG,57,2,12,14,15,32,3.4,57,3.5,15:17,75,105,0,0,
Alex Chiasson,27,RW,WSH,61,9,9,18,1,26,1.6,59,15.3,11:46,29,57,11,30,26.8
Jason Chimera,38,LW,TOT,74,3,10,13,-12,37,-0.3,79,3.8,10:18,17,132,11,17,39.3
Jason Chimera,38,LW,NYI,58,2,9,11,-11,35,-0.3,70,2.9,11:13,14,107,9,16,36.0
Jason Chimera,38,LW,ANA,16,1,1,2,-1,2,0.1,9,11.1,6:59,3,25,2,1,66.7
Filip Chlapik,20,C,OTT,20,1,3,4,-5,4,0.0,21,4.8,10:04,14,19,50,60,45.5
Taylor Chorney,30,D,TOT,25,1,3,4,10,8,1.5,14,7.1,13:08,31,21,0,0,
Taylor Chorney,30,D,WSH,24,1,3,4,8,8,1.3,14,7.1,12:59,31,18,0,0,
Taylor Chorney,30,D,CBJ,1,0,0,0,2,0,0.2,0,,16:41,0,3,0,0,
Jakob Chychrun,19,D,ARI,50,4,10,14,2,16,3.3,102,3.9,20:15,72,74,0,0,
Filip Chytil,18,C,NYR,9,1,2,3,-5,4,0.0,21,4.8,13:37,1,3,28,48,36.8
Anthony Cirelli,20,C,TBL,18,5,6,11,11,6,1.6,26,19.2,13:14,6,17,96,118,44.9
Casey Cizikas,26,C,NYI,64,7,10,17,-12,23,0.4,74,9.5,13:13,53,128,473,418,53.1
Fredrik Claesson,25,D,OTT,64,1,6,7,-7,35,1.2,60,1.7,15:21,84,158,0,0,
Adam Clendening,25,D,ARI,5,0,2,2,-1,2,0.2,4,0.0,15:56,6,2,0,0,
Kyle Clifford,27,LW,LAK,50,6,4,10,-4,48,0.7,81,7.4,10:33,8,127,1,8,11.1
Cal Clutterbuck,30,RW,NYI,76,8,10,18,-7,53,0.5,101,7.9,12:47,53,226,7,13,35.0
Braydon Coburn,32,D,TBL,72,1,14,15,3,40,2.0,73,1.4,16:01,75,77,0,0,
Andrew Cogliano,30,LW,ANA,80,12,23,35,18,41,3.5,175,6.9,15:12,31,80,35,36,49.3
Ian Cole,28,D,TOT,67,5,15,20,14,76,4.6,84,6.0,17:47,116,95,0,0,
Ian Cole,28,D,PIT,47,3,10,13,3,52,2.5,63,4.8,17:37,91,69,0,0,
Ian Cole,28,D,CBJ,20,2,5,7,11,24,2.1,21,9.5,18:08,25,26,0,0,
Blake Coleman,26,C,NJD,79,13,12,25,7,50,2.5,146,8.9,14:24,57,216,252,285,46.9
Blake Comeau,31,LW,COL,79,13,21,34,5,50,3.1,123,10.6,15:52,38,145,104,167,38.4
J.T. Compher,22,LW,COL,69,13,10,23,-29,20,0.9,131,9.9,16:00,65,45,273,332,45.1
Cory Conacher,28,LW,TBL,36,8,4,12,0,24,1.3,45,17.8,10:00,14,32,4,12,25.0
Kevin Connauton,27,D,ARI,73,11,10,21,3,20,5.0,102,10.8,15:11,72,116,0,0,
Brett Connolly,25,RW,WSH,70,15,12,27,-6,30,2.6,67,22.4,12:00,24,72,14,17,45.2
Kyle Connor,21,LW,WPG,76,31,26,57,8,16,7.0,192,16.1,16:54,26,18,2,5,28.6
Andrew Copp,23,C,WPG,82,9,19,28,17,14,2.4,96,9.4,13:44,51,99,296,275,51.8
Frank Corrado,24,D,PIT,5,0,0,0,-1,2,0.0,6,0.0,11:30,6,5,0,0,
Nick Cousins,24,C,ARI,71,12,7,19,-7,31,1.6,119,10.1,12:52,39,117,84,140,37.5
Logan Couture,28,C,SJS,78,34,27,61,-2,18,7.3,204,16.7,18:33,72,33,149,176,45.8
Sean Couturier,25,C,PHI,82,31,45,76,34,31,9.0,227,13.7,21:36,44,74,529,472,52.8
Charlie Coyle,25,C,MIN,66,11,26,37,8,18,3.3,117,9.4,16:32,63,76,240,220,52.2
Adam Cracknell,32,RW,TOT,5,0,0,0,-1,0,-0.1,6,0.0,7:43,1,12,3,3,50.0
Adam Cracknell,32,RW,NYR,4,0,0,0,-1,0,-0.1,4,0.0,7:30,1,10,2,2,50.0
Adam Cracknell,32,RW,DAL,1,0,0,0,0,0,0.0,2,0.0,8:35,0,2,1,1,50.0
Andrew Crescenzi,25,C,LAK,2,0,0,0,0,2,0.0,0,,7:52,0,4,8,8,50.0
Kyle Criscuolo,25,C,BUF,9,0,0,0,-4,4,-0.3,5,0.0,8:01,3,13,19,22,46.3
Sidney Crosby,30,C,PIT,82,29,60,89,0,46,9.1,247,11.7,20:41,36,75,1026,909,53.0
Lawson Crouse,20,LW,ARI,11,1,0,1,-6,7,-0.2,13,7.7,10:56,6,29,3,8,27.3
Matt Cullen,41,C,MIN,79,11,11,22,-1,20,1.7,104,10.6,11:54,42,14,355,350,50.4
Austin Czarnik,25,C,BOS,10,0,4,4,-1,0,0.2,7,0.0,10:55,0,4,14,14,50.0
Evgeni Dadonov,28,RW,FLA,74,28,37,65,10,8,7.5,188,14.9,18:42,33,27,0,0,
Klas Dahlbeck,26,D,CAR,33,1,4,5,-6,21,0.8,43,2.3,16:22,34,74,0,0,
Carl Dahlstrom,23,D,CHI,11,0,3,3,-2,0,0.4,12,0.0,17:31,9,6,1,0,100.0
Michael Dal Colle,21,LW,NYI,4,0,0,0,0,0,-0.1,1,0.0,13:21,1,1,0,0,
Trevor Daley,34,D,DET,77,9,7,16,-5,36,4.0,103,8.7,20:42,125,24,0,0,
Zac Dalpe,28,C,CBJ,12,0,0,0,-3,13,-0.3,18,0.0,7:27,4,6,7,17,29.2
Phillip Danault,24,LW,MTL,52,8,17,25,0,34,2.2,94,8.5,16:35,38,59,380,340,52.8
Marko Dano,23,C,WPG,23,2,1,3,-2,6,0.1,22,9.1,7:11,7,26,1,1,50.0
Laurent Dauphin,22,C,ARI,2,0,0,0,-1,2,-0.1,1,0.0,7:14,2,1,5,4,55.6
Brandon Davidson,26,D,TOT,51,4,3,7,-13,23,0.7,63,6.3,16:49,89,105,0,0,
Brandon Davidson,26,D,EDM,23,3,1,4,-2,10,0.9,28,10.7,17:21,47,53,0,0,
Brandon Davidson,26,D,NYI,15,1,1,2,-8,4,-0.2,22,4.5,17:38,25,24,0,0,
Brandon Davidson,26,D,MTL,13,0,1,1,-3,9,0.1,13,0.0,14:56,17,28,0,0,
Calvin de Haan,26,D,NYI,33,1,11,12,11,8,2.4,44,2.3,18:45,65,45,0,0,
Jacob de La Rose,22,LW,MTL,55,4,8,12,-2,29,0.6,53,7.5,11:51,36,127,206,261,44.1
Jean-Sebastien Dea,23,C,PIT,5,1,0,1,1,2,0.2,1,100.0,5:29,1,9,10,11,47.6
Anthony DeAngelo,22,D,NYR,32,0,8,8,-18,11,0.0,68,0.0,16:34,42,31,1,0,100.0
Alex DeBrincat,20,RW,CHI,82,28,24,52,6,6,6.5,181,15.5,14:48,25,40,25,34,42.4
Jake Debrusk,21,LW,BOS,70,16,27,43,13,19,4.9,143,11.2,14:22,26,70,13,17,43.3
Danny DeKeyser,27,D,DET,65,6,6,12,2,28,3.5,65,9.2,20:19,125,76,0,0,
Michael Del Zotto,27,D,VAN,82,6,16,22,-8,48,4.1,128,4.7,20:48,127,244,0,0,
Dylan DeMelo,24,D,SJS,63,0,20,20,-1,34,3.0,67,0.0,14:12,70,75,0,0,
Jason Demers,29,D,ARI,69,6,14,20,-4,37,4.3,95,6.3,21:08,79,66,0,0,
Travis Dermott,21,D,TOR,37,1,12,13,16,8,3.1,54,1.9,16:00,36,48,0,0,
David Desharnais,31,C,NYR,71,6,22,28,-22,18,1.2,55,10.9,13:03,36,22,386,315,55.1
Nicolas Deslauriers,26,LW,MTL,58,10,4,14,7,55,1.8,77,13.0,11:36,30,238,4,2,66.7
Phillip Di Giuseppe,24,LW,CAR,49,5,8,13,0,17,1.1,64,7.8,10:30,14,88,0,1,0.0
Jason Dickinson,22,C,DAL,27,0,2,2,-2,17,-0.2,16,0.0,8:32,5,45,69,73,48.6
Christopher Didomenico,28,LW,OTT,24,6,4,10,-4,8,1.0,23,26.1,11:47,14,21,6,13,31.6
Brenden Dillon,27,D,SJS,81,5,17,22,-7,60,3.8,88,5.7,17:19,107,197,0,0,
Christian Djoos,23,D,WSH,63,3,11,14,13,10,3.3,60,5.0,14:02,55,22,0,0,
Max Domi,22,LW,ARI,82,9,36,45,-7,73,3.3,150,6.0,16:42,28,49,185,227,44.9
Ryan Donato,21,C,BOS,12,5,4,9,2,2,1.2,24,20.8,14:42,2,6,12,4,75.0
Joonas Donskoi,25,RW,SJS,66,14,18,32,10,26,3.5,129,10.9,14:58,28,28,5,7,41.7
Derek Dorsett,31,RW,VAN,20,7,2,9,-1,74,1.1,26,26.9,15:17,14,39,0,3,0.0
Jake Dotchin,23,D,TBL,48,3,8,11,17,38,2.9,48,6.3,16:29,61,95,0,0,
Drew Doughty,28,D,LAK,82,10,50,60,23,54,11.7,205,4.9,26:50,128,127,0,1,0.0
Nic Dowd,27,C,TOT,56,3,1,4,-10,28,-0.6,51,5.9,10:32,30,81,202,194,51.0
Nic Dowd,27,C,VAN,40,3,0,3,-7,16,-0.4,40,7.5,11:34,24,57,175,169,50.9
Nic Dowd,27,C,LAK,16,0,1,1,-3,12,-0.2,11,0.0,7:57,6,24,27,25,51.9
Leon Draisaitl,22,C,EDM,78,25,45,70,-7,30,6.9,194,12.9,19:19,24,40,672,526,56.1
Jonathan Drouin,22,LW,MTL,77,13,33,46,-28,30,3.1,164,7.9,17:36,27,55,447,604,42.5
Brandon Dubinsky,31,C,CBJ,62,6,10,16,-2,33,0.6,89,6.7,15:21,47,145,521,431,54.7
Pierre-Luc Dubois,19,LW,CBJ,82,20,28,48,8,49,5.0,165,12.1,16:38,46,127,461,591,43.8
Matt Duchene,27,C,TOT,82,27,32,59,-22,18,5.5,190,14.2,18:20,49,60,717,637,53.0
Matt Duchene,27,C,OTT,68,23,26,49,-23,14,4.4,167,13.8,18:52,46,54,604,550,52.3
Matt Duchene,27,C,COL,14,4,6,10,1,4,1.1,23,17.4,15:46,3,6,113,87,56.5
Anthony Duclair,22,LW,TOT,56,11,12,23,-5,16,2.2,97,11.3,13:17,26,46,1,1,50.0
Anthony Duclair,22,LW,ARI,33,9,6,15,-5,10,1.6,68,13.2,13:27,16,26,0,0,
Anthony Duclair,22,LW,CHI,23,2,6,8,0,6,0.5,29,6.9,13:02,10,20,1,1,50.0
Mathew Dumba,23,D,MIN,82,14,36,50,15,41,9.3,176,8.0,23:49,112,136,2,0,100.0
Gabriel Dumont,27,C,TOT,30,1,1,2,1,6,-0.1,38,2.6,9:03,16,62,41,62,39.8
Gabriel Dumont,27,C,OTT,23,1,1,2,1,2,0.0,27,3.7,8:38,13,48,11,28,28.2
Gabriel Dumont,27,C,TBL,7,0,0,0,0,4,-0.1,11,0.0,10:22,3,14,30,34,46.9
Brian Dumoulin,26,D,PIT,80,5,13,18,-5,30,3.3,102,4.9,20:37,132,101,0,0,
Vince Dunn,21,D,STL,75,5,19,24,1,20,4.4,138,3.6,17:14,59,29,1,0,100.0
Christian Dvorak,21,C,ARI,78,15,22,37,-19,22,2.8,151,9.9,16:26,48,92,585,554,51.4
Ryan Dzingel,25,LW,OTT,79,23,18,41,-17,35,3.7,136,16.9,16:30,19,60,24,32,42.9
Cody Eakin,26,C,VEG,80,11,16,27,-6,22,1.7,107,10.3,14:32,45,63,479,440,52.1
Patrick Eaves,33,RW,ANA,2,1,0,1,0,0,0.1,3,33.3,16:28,1,5,0,1,0.0
Jordan Eberle,27,RW,NYI,81,25,34,59,5,21,6.3,183,13.7,16:04,30,46,12,21,36.4
Alexander Edler,31,D,VAN,70,6,28,34,-18,68,4.6,172,3.5,24:17,203,157,1,1,50.0
Joel Edmundson,24,D,STL,69,7,10,17,-1,57,3.9,124,5.6,20:44,150,116,0,0,
Nikolaj Ehlers,21,LW,WPG,82,29,31,60,14,26,7.3,231,12.6,16:05,27,39,5,4,55.6
Jack Eichel,21,C,BUF,67,25,39,64,-25,32,6.5,246,10.2,20:09,35,52,347,489,41.5
Victor Ejdsell,22,C,CHI,6,0,1,1,-1,0,-0.1,7,0.0,13:19,6,6,20,40,33.3
Aaron Ekblad,21,D,FLA,82,16,22,38,9,71,7.8,189,8.5,23:23,121,69,0,0,
Mattias Ekholm,27,D,NSH,81,10,24,34,25,46,7.8,135,7.4,23:35,117,75,0,1,0.0
Oliver Ekman-Larsson,26,D,ARI,82,14,28,42,-28,44,6.1,202,6.9,23:41,79,160,0,1,0.0
Remi Elie,22,LW,DAL,72,6,8,14,5,18,1.1,70,8.6,10:15,20,101,5,9,35.7
Lars Eller,28,C,WSH,81,18,20,38,-6,38,3.4,161,11.2,15:18,69,71,471,485,49.3
Ryan Ellis,27,D,NSH,44,9,23,32,26,6,7.0,110,8.2,23:21,84,27,0,0,
Alexei Emelin,31,D,NSH,76,1,8,9,9,40,2.6,59,1.7,16:53,109,181,1,0,100.0
Deryk Engelland,35,D,VEG,79,5,18,23,6,24,4.5,108,4.6,20:17,150,126,0,0,
Andreas Englund,22,D,OTT,1,0,0,0,1,0,0.1,0,,11:21,2,3,0,0,
Tyler Ennis,28,LW,MIN,73,8,14,22,-1,12,1.5,115,7.0,11:58,33,51,3,9,25.0
Toby Enstrom,33,D,WPG,43,1,5,6,8,20,1.8,31,3.2,17:02,51,20,0,0,
Jonathan Ericsson,33,D,DET,81,3,10,13,-7,47,2.8,86,3.5,19:19,84,133,1,0,100.0
Loui Eriksson,32,LW,VAN,50,10,13,23,0,4,2.2,101,9.9,16:16,30,7,6,8,42.9
Joel Eriksson Ek,21,LW,MIN,75,6,10,16,2,22,0.6,124,4.8,12:47,46,134,201,271,42.6
Adam Erne,22,LW,TBL,23,3,1,4,-1,11,0.2,29,10.3,10:07,8,37,5,3,62.5
Radek Faksa,24,C,DAL,79,17,16,33,21,36,4.2,118,14.4,15:16,56,101,556,521,51.6
Justin Falk,29,D,BUF,46,1,1,2,-16,28,0.1,36,2.8,16:05,62,121,0,0,
Oscar Fantenberg,26,D,LAK,27,2,7,9,2,11,1.8,33,6.1,14:16,17,43,0,0,
Hudson Fasching,22,RW,BUF,5,0,0,0,-1,2,-0.1,1,0.0,9:42,2,7,0,0,
Jesper Fast,26,RW,NYR,71,13,20,33,-10,26,2.7,80,16.3,14:53,44,130,14,24,36.8
Justin Faulk,25,D,CAR,76,8,23,31,-26,48,4.0,211,3.8,22:16,90,128,0,0,
Taylor Fedun,29,D,BUF,7,0,1,1,-1,2,0.2,8,0.0,14:41,10,4,0,0,
Eric Fehr,32,C,TOT,18,3,1,4,6,2,0.6,27,11.1,11:47,14,24,66,73,47.5
Eric Fehr,32,C,SJS,14,3,1,4,7,0,0.7,23,13.0,12:01,12,22,49,53,48.0
Eric Fehr,32,C,TOR,4,0,0,0,-1,2,-0.1,4,0.0,10:56,2,2,17,20,45.9
Micheal Ferland,25,LW,CGY,77,21,20,41,5,24,4.7,144,14.6,15:01,30,171,22,35,38.6
Landon Ferraro,26,C,MIN,2,1,0,1,1,0,0.2,3,33.3,4:25,0,1,0,0,
Kevin Fiala,21,LW,NSH,80,23,25,48,20,26,6.0,187,12.3,15:09,27,34,0,5,0.0
Valtteri Filppula,33,C,PHI,81,11,22,33,-7,20,1.8,70,15.7,16:29,55,25,487,463,51.3
Giovanni Fiore,21,LW,ANA,1,0,0,0,-1,0,-0.1,0,,7:53,0,0,0,0,
Christian Fischer,20,RW,ARI,79,15,18,33,-17,14,2.7,154,9.7,13:54,23,109,5,24,17.2
Mike Fisher,37,C,NSH,16,2,2,4,0,8,0.3,14,14.3,12:21,14,25,107,77,58.2
Haydn Fleury,21,D,CAR,67,0,8,8,-2,14,2.0,86,0.0,16:48,94,85,0,0,
Warren Foegele,21,LW,CAR,2,2,1,3,3,0,0.6,6,33.3,11:56,1,5,0,0,
Steven Fogarty,24,C,NYR,1,0,0,0,0,2,0.0,1,0.0,12:16,0,2,0,0,
Marcus Foligno,26,LW,MIN,77,8,15,23,2,72,1.8,79,10.1,10:52,44,185,9,10,47.4
Nick Foligno,30,LW,CBJ,72,15,18,33,1,50,2.8,137,10.9,18:21,60,182,340,401,45.9
Christian Folin,26,D,LAK,65,3,10,13,1,30,3.0,58,5.2,15:39,106,167,0,0,
Spencer Foo,23,RW,CGY,4,2,0,2,1,0,0.3,16,12.5,15:51,3,6,1,0,100.0
Derek Forbort,25,D,LAK,78,1,17,18,18,49,5.4,78,1.3,20:47,156,142,0,0,
Alex Formenton,18,LW,OTT,1,0,0,0,0,0,0.0,0,,4:54,1,1,0,0,
Filip Forsberg,23,LW,NSH,67,26,38,64,27,38,8.3,179,14.5,17:28,37,86,4,5,44.4
Gustav Forsling,21,D,CHI,41,3,10,13,-2,8,2.3,82,3.7,19:09,56,26,0,1,0.0
Cam Fowler,26,D,ANA,67,8,24,32,3,28,5.8,122,6.6,24:51,108,21,1,1,50.0
Cody Franson,30,D,CHI,23,1,6,7,-1,8,1.1,51,2.0,16:37,18,18,0,0,
Tanner Fritz,26,C,NYI,34,3,4,7,-3,8,0.1,27,11.1,12:31,26,59,47,61,43.5
Martin Frk,24,RW,DET,68,11,14,25,-14,14,2.0,99,11.1,10:17,10,77,0,2,0.0
Byron Froese,26,C,MTL,48,3,8,11,0,26,0.6,49,6.1,11:35,42,54,156,196,44.3
Michael Frolik,29,RW,CGY,70,10,15,25,-19,26,1.0,167,6.0,16:55,35,48,33,39,45.8
Marian Gaborik,35,RW,TOT,46,11,10,21,2,24,2.3,80,13.8,13:58,9,12,0,0,
Marian Gaborik,35,RW,LAK,30,7,7,14,9,18,1.8,53,13.2,14:19,6,9,0,0,
Marian Gaborik,35,RW,OTT,16,4,3,7,-7,6,0.5,27,14.8,13:19,3,3,0,0,
Sam Gagner,28,C,VAN,74,10,21,31,-18,35,1.8,164,6.1,15:07,28,54,220,241,47.7
Alex Galchenyuk,23,LW,MTL,82,19,32,51,-31,22,4.2,213,8.9,16:14,37,33,49,60,45.0
Brendan Gallagher,25,RW,MTL,82,31,23,54,-13,34,6.5,278,11.2,16:09,41,90,85,97,46.7
Dylan Gambrell,21,C,SJS,3,0,0,0,-1,0,-0.1,1,0.0,10:33,2,0,9,9,50.0
Jake Gardiner,27,D,TOR,82,5,47,52,9,32,7.8,133,3.8,22:32,103,51,0,0,
Jason Garrison,33,D,VEG,8,0,1,1,-2,4,0.1,7,0.0,19:04,23,7,0,0,
Adam Gaudette,21,C,VAN,5,0,0,0,2,0,0.0,9,0.0,12:47,3,2,6,10,37.5
Frederick Gaudreau,24,C,NSH,20,0,3,3,0,2,0.0,14,0.0,9:10,8,8,69,70,49.6
Johnny Gaudreau,24,LW,CGY,80,24,60,84,2,26,8.7,227,10.6,19:25,18,16,1,4,20.0
Brendan Gaunce,23,LW,VAN,37,4,2,6,0,10,0.3,55,7.3,13:19,11,48,38,46,45.2
Frederik Gauthier,22,C,TOR,9,1,0,1,-4,0,-0.1,12,8.3,8:45,5,12,27,28,49.1
Nathan Gerbe,30,LW,CBJ,2,0,0,0,-1,0,-0.1,1,0.0,8:36,0,4,0,0,
Shane Gersich,21,LW,WSH,3,0,1,1,-1,0,0.0,4,0.0,9:01,2,0,0,0,
Ryan Getzlaf,32,C,ANA,56,11,50,61,20,42,6.2,117,9.4,21:26,57,96,406,443,47.8
Brian Gibbons,29,LW,NJD,59,12,14,26,10,20,3.0,72,16.7,14:26,58,35,22,29,43.1
John Gilmour,24,D,NYR,28,2,3,5,-11,14,0.4,61,3.3,17:11,27,27,0,0,
Brian Gionta,39,RW,BOS,20,2,5,7,-1,2,0.5,42,4.8,13:04,6,17,6,7,46.2
Mark Giordano,34,D,CGY,82,13,25,38,0,63,7.7,214,6.1,24:47,161,93,0,0,
Samuel Girard,19,D,TOT,73,4,19,23,-11,8,3.0,84,4.8,17:39,69,46,0,0,
Samuel Girard,19,D,COL,68,3,17,20,-8,6,2.8,76,3.9,17:42,63,43,0,0,
Samuel Girard,19,D,NSH,5,1,2,3,-3,2,0.2,8,12.5,16:55,6,3,0,0,
Dan Girardi,33,D,TBL,77,6,12,18,18,27,4.0,93,6.5,17:23,155,133,0,1,0.0
Zemgus Girgensons,24,C,BUF,71,7,8,15,-12,26,0.5,113,6.2,13:43,32,134,23,40,36.5
Claude Giroux,30,C,PHI,82,34,68,102,28,20,11.8,193,17.6,20:22,23,30,638,450,58.6
Tanner Glass,34,LW,CGY,16,0,0,0,-4,19,-0.4,14,0.0,9:23,7,35,2,4,33.3
Luke Glendening,28,RW,DET,69,11,8,19,-14,17,1.1,88,12.5,13:12,83,137,394,285,58.0
Nikolay Goldobin,22,RW,VAN,38,8,6,14,-14,6,1.0,50,16.0,12:20,7,12,1,1,50.0
Alex Goligoski,32,D,ARI,78,12,23,35,-31,26,4.8,119,10.1,23:17,154,114,0,0,
Barclay Goodrow,24,RW,SJS,47,7,7,14,1,28,1.4,57,12.3,10:53,30,68,154,108,58.8
Josh Gorges,33,D,BUF,34,0,2,2,-4,17,0.6,15,0.0,14:56,54,69,0,0,
Shayne Gostisbehere,24,D,PHI,78,13,52,65,10,25,9.8,221,5.9,21:27,116,53,0,0,
Tyrell Goulbourne,24,LW,PHI,9,0,0,0,-2,2,-0.2,2,0.0,5:35,2,15,0,0,
Yanni Gourde,26,C,TBL,82,25,39,64,34,50,7.7,136,18.4,16:09,42,57,158,206,43.4
Michael Grabner,30,RW,TOT,80,27,9,36,11,16,5.1,167,16.2,14:49,37,68,10,12,45.5
Michael Grabner,30,RW,NYR,59,25,6,31,11,12,4.9,131,19.1,14:53,27,52,3,9,25.0
Michael Grabner,30,RW,NJD,21,2,3,5,0,4,0.2,36,5.6,14:39,10,16,7,3,70.0
Markus Granlund,24,C,VAN,53,8,4,12,-10,8,0.4,93,8.6,16:15,12,47,73,106,40.8
Mikael Granlund,25,RW,MIN,77,21,46,67,13,18,7.0,193,10.9,18:47,45,47,69,56,55.2
Derek Grant,27,C,ANA,66,12,12,24,3,11,2.6,65,18.5,11:06,39,63,317,280,53.1
Tyler Graovac,24,C,WSH,5,0,0,0,-3,2,-0.2,1,0.0,6:44,1,5,1,2,33.3
Kevin Gravel,25,D,LAK,16,0,3,3,-3,2,0.4,20,0.0,14:02,15,16,0,0,
Mike Green,32,D,DET,66,8,25,33,-14,38,4.7,132,6.1,22:05,74,78,0,0,
Andy Greene,35,D,NJD,81,3,10,13,-9,21,2.7,93,3.2,21:07,188,84,0,0,
Jordan Greenway,20,LW,MIN,6,0,1,1,0,0,0.0,4,0.0,11:27,3,5,0,5,0.0
A.J. Greer,21,LW,COL,17,0,3,3,2,29,0.2,13,0.0,7:24,5,30,1,2,33.3
Seth Griffith,25,C,BUF,21,2,1,3,-6,6,0.0,15,13.3,10:34,4,10,0,3,0.0
Rocco Grimaldi,24,C,COL,6,1,2,3,0,0,0.3,7,14.3,9:39,5,3,0,1,0.0
Eric Gryba,29,D,EDM,21,0,2,2,4,31,0.7,19,0.0,14:44,19,57,0,0,
Matt Grzelcyk,24,D,BOS,61,3,12,15,21,22,4.4,82,3.7,16:44,42,45,0,0,
Radko Gudas,27,D,PHI,70,2,14,16,0,83,2.7,142,1.4,17:06,123,170,0,0,
Erik Gudbranson,26,D,VAN,52,2,3,5,-7,35,1.2,53,3.8,18:25,81,126,0,0,
Jake Guentzel,23,C,PIT,82,22,26,48,-9,42,4.4,171,12.9,16:29,46,142,65,65,50.0
Brendan Guhle,20,D,BUF,18,0,5,5,-6,10,0.5,37,0.0,18:06,8,10,0,0,
Carl Gunnarsson,31,D,STL,63,5,4,9,15,22,3.7,59,8.5,16:10,102,35,0,0,
Erik Gustafsson,25,D,CHI,35,5,11,16,1,6,2.9,71,7.0,18:33,45,30,0,1,0.0
Henrik Haapala,23,LW,FLA,5,0,1,1,0,0,0.0,3,0.0,13:42,3,5,0,0,
Carl Hagelin,29,LW,PIT,81,10,21,31,8,28,2.2,169,5.9,15:57,36,112,21,28,42.9
Robert Hagg,22,D,PHI,70,3,6,9,5,32,2.5,89,3.4,18:08,100,238,0,0,
Ron Hainsey,36,D,TOR,80,4,19,23,12,20,4.8,73,5.5,21:52,169,91,0,0,
Micheal Haley,31,LW,FLA,75,3,6,9,-13,212,-0.3,55,5.5,7:47,23,124,19,21,47.5
Taylor Hall,26,LW,NJD,76,39,54,93,14,34,12.2,278,14.0,19:09,44,72,72,76,48.6
Dan Hamhuis,35,D,DAL,80,3,21,24,-6,33,3.9,66,4.5,20:11,113,82,0,1,0.0
Dougie Hamilton,24,D,CGY,82,17,27,44,1,64,8.5,270,6.3,21:32,80,83,1,2,33.3
Freddie Hamilton,26,C,TOT,16,0,1,1,0,2,-0.1,12,0.0,8:59,0,35,28,44,38.9
Freddie Hamilton,26,C,ARI,8,0,0,0,1,0,-0.1,7,0.0,10:19,0,19,25,31,44.6
Freddie Hamilton,26,C,CGY,8,0,1,1,-1,2,0.0,5,0.0,7:38,0,16,3,13,18.8
Travis Hamonic,27,D,CGY,74,1,10,11,-9,79,2.4,107,0.9,20:42,124,83,0,1,0.0
Noah Hanifin,21,D,CAR,79,10,22,32,-20,21,4.5,165,6.1,18:52,69,81,0,0,
Joel Hanley,26,D,ARI,5,0,0,0,0,0,0.1,2,0.0,11:08,4,1,0,0,
Markus Hannikainen,24,LW,CBJ,33,3,3,6,-1,6,0.4,31,9.7,8:22,15,31,3,1,75.0
Jannik Hansen,31,RW,SJS,46,2,12,14,2,15,0.8,54,3.7,12:02,19,38,8,4,66.7
Martin Hanzal,30,C,DAL,38,5,5,10,-14,23,0.2,62,8.1,14:07,21,66,239,195,55.1
Ben Harpur,23,D,OTT,41,0,1,1,-21,21,-0.9,26,0.0,14:53,35,71,0,0,
Scott Harrington,24,D,CBJ,32,2,3,5,0,8,1.1,28,7.1,13:18,44,35,0,0,
Ryan Hartman,23,RW/LW,TOT,78,11,20,31,1,72,2.7,129,8.5,13:04,38,113,93,110,45.8
Ryan Hartman,23,LW,CHI,57,8,17,25,5,58,2.4,96,8.3,12:48,25,94,90,105,46.2
Ryan Hartman,23,RW,NSH,21,3,3,6,-4,14,0.3,33,9.1,13:46,13,19,3,5,37.5
Scott Hartnell,35,LW,NSH,62,13,11,24,-3,82,2.4,82,15.9,12:01,25,82,3,12,20.0
Garnet Hathaway,26,RW,CGY,59,4,9,13,3,88,0.8,68,5.9,11:32,32,154,1,9,10.0
Erik Haula,26,LW,VEG,76,29,26,55,-16,37,5.8,175,16.6,17:22,42,85,489,479,50.5
John Hayden,22,RW,CHI,47,4,9,13,-4,54,0.8,56,7.1,10:49,23,118,12,12,50.0
Jimmy Hayes,28,RW,NJD,33,3,6,9,-2,6,0.6,37,8.1,11:56,6,50,6,9,40.0
Kevin Hayes,25,RW,NYR,76,25,19,44,1,18,5.1,172,14.5,17:21,36,40,562,550,50.5
Dillon Heatherington,22,D,DAL,6,0,1,1,3,26,0.4,6,0.0,10:51,2,7,0,0,
Victor Hedman,27,D,TBL,77,17,46,63,32,54,11.0,216,7.9,25:51,110,139,1,1,50.0
Tim Heed,27,D,SJS,29,3,8,11,0,8,2.0,51,5.9,16:01,35,8,0,0,
Danton Heinen,22,C,BOS,77,16,31,47,10,16,4.9,135,11.9,15:01,33,45,10,13,43.5
Darren Helm,31,LW,DET,75,13,18,31,3,39,2.8,141,9.2,15:34,36,131,45,57,44.1
Ales Hemsky,34,RW,MTL,7,0,0,0,-1,10,-0.1,5,0.0,9:55,2,0,0,1,0.0
Matt Hendricks,36,LW,WPG,60,5,8,13,-1,39,0.8,56,8.9,9:25,42,123,226,232,49.3
Adam Henrique,27,C,TOT,81,24,26,50,11,20,5.7,151,15.9,17:47,61,61,508,547,48.2
Adam Henrique,27,C,ANA,57,20,16,36,17,14,4.7,102,19.6,17:35,47,44,347,366,48.7
Adam Henrique,27,C,NJD,24,4,10,14,-6,6,1.0,49,8.2,18:15,14,17,161,181,47.1
Tomas Hertl,24,C,SJS,79,22,24,46,-2,41,4.6,175,12.6,18:06,71,84,587,569,50.8
Joe Hicketts,21,D,DET,5,0,3,3,5,2,0.8,2,0.0,17:21,12,9,0,0,
Thomas Hickey,28,D,NYI,69,5,20,25,20,24,5.1,87,5.7,18:04,110,76,0,0,
Matthew Highmore,21,LW,CHI,13,2,0,2,-4,0,0.0,27,7.4,12:09,7,9,1,4,20.0
Blake Hillman,22,D,CHI,4,1,0,1,-1,0,0.2,5,20.0,18:02,8,5,0,0,
Vinnie Hinostroza,23,LW,CHI,50,7,18,25,5,10,2.4,86,8.1,13:49,17,26,39,50,43.8
Nico Hischier,19,C,NJD,82,20,32,52,10,26,5.9,180,11.1,16:19,39,56,422,561,42.9
Niklas Hjalmarsson,30,D,ARI,48,1,8,9,-3,18,2.1,32,3.1,20:42,118,16,0,0,
Joshua Ho-Sang,22,RW,NYI,22,2,10,12,-7,2,0.6,18,11.1,14:17,1,3,2,3,40.0
Mike Hoffman,28,LW,OTT,82,22,34,56,-20,32,4.7,257,8.6,18:24,34,31,22,18,55.0
Nick Holden,30,D,TOT,73,4,13,17,-5,14,3.2,80,5.0,19:00,83,136,0,0,
Nick Holden,30,D,NYR,55,3,9,12,-3,14,2.4,54,5.6,18:59,69,114,0,0,
Nick Holden,30,D,BOS,18,1,4,5,-2,0,0.8,26,3.8,19:05,14,22,0,0,
Justin Holl,26,D,TOR,2,2,0,2,5,0,0.8,2,100.0,17:22,3,2,0,0,
Peter Holland,27,C,NYR,23,1,3,4,-10,7,-0.3,30,3.3,12:24,12,14,107,120,47.1
Philip Holm,26,D,VAN,1,0,0,0,-2,0,-0.1,0,,15:12,0,1,0,0,
Korbinian Holzer,29,D,ANA,16,0,0,0,-3,6,-0.1,10,0.0,11:37,14,22,0,0,
Julius Honka,22,D,DAL,42,1,3,4,-1,14,1.0,42,2.4,13:01,28,20,0,0,
Patric Hornqvist,31,RW,PIT,70,29,20,49,2,58,5.9,247,11.7,17:19,64,137,16,17,48.5
Bo Horvat,22,C,VAN,64,22,22,44,-1,10,4.9,158,13.9,19:21,29,35,712,612,53.8
Marek Hrivik,26,LW,CGY,3,0,0,0,1,0,0.0,2,0.0,8:30,1,4,0,1,0.0
Jonathan Huberdeau,24,LW,FLA,82,27,42,69,-2,32,7.0,204,13.2,19:12,42,41,21,23,47.7
Charles Hudon,23,LW,MTL,72,10,20,30,-12,38,2.2,179,5.6,14:02,38,126,88,131,40.2
Brad Hunt,29,D,VEG,45,3,15,18,-5,6,2.3,80,3.8,16:39,36,19,0,1,0.0
Dryden Hunt,22,LW,FLA,11,0,1,1,-5,2,-0.3,12,0.0,10:34,4,22,1,3,25.0
Matt Hunwick,32,D,PIT,42,4,6,10,-4,21,1.7,52,7.7,17:31,53,51,0,0,
Ben Hutton,24,D,VAN,61,0,6,6,-9,23,1.1,103,0.0,18:25,68,40,0,1,0.0
Tomas Hyka,24,RW,VEG,10,1,2,3,2,0,0.3,15,6.7,12:03,3,6,0,0,
Zach Hyman,25,C,TOR,82,15,25,40,22,37,4.0,148,10.1,17:21,55,117,72,96,42.9
Alex Iafallo,24,C,LAK,75,9,16,25,10,12,2.1,129,7.0,15:06,33,53,14,16,46.7
Matt Irwin,30,D,NSH,50,2,6,8,2,8,1.6,62,3.2,13:26,54,78,0,0,
Jaromir Jagr,45,RW,CGY,22,1,6,7,6,10,0.6,32,3.1,13:03,8,1,0,0,
Mark Jankowski,23,C,CGY,72,17,8,25,-7,33,2.5,118,14.4,13:21,51,35,395,415,48.8
Mattias Janmark,25,C,DAL,81,19,15,34,-13,24,2.9,136,14.0,16:56,41,15,71,109,39.4
Calle Jarnkrok,26,C,NSH,68,16,19,35,20,12,4.1,105,15.2,15:53,31,36,266,253,51.3
Christian Jaros,21,D,OTT,2,0,0,0,0,0,0.0,0,,7:58,0,4,0,0,
Dmitrij Jaskin,24,RW,STL,76,6,11,17,6,14,1.1,124,4.8,12:27,46,207,2,11,15.4
Boone Jenner,24,C,CBJ,75,13,19,32,1,39,2.6,187,7.0,16:28,83,205,268,215,55.5
Nick Jensen,27,D,DET,81,0,15,15,-8,27,2.4,107,0.0,16:15,88,71,0,0,
Jakub Jerabek,26,D,TOT,36,2,6,8,-2,6,1.5,33,6.1,16:19,48,42,0,0,
Jakub Jerabek,26,D,MTL,25,1,3,4,-1,6,0.9,22,4.5,17:21,38,28,0,0,
Jakub Jerabek,26,D,WSH,11,1,3,4,-1,0,0.5,11,9.1,13:59,10,14,0,0,
Ryan Johansen,25,C,NSH,79,15,39,54,13,78,5.0,129,11.6,18:33,35,87,810,651,55.4
Marcus Johansson,27,LW,NJD,29,5,9,14,-11,14,0.8,42,11.9,15:59,9,8,36,38,48.6
Stephen Johns,25,D,DAL,75,8,7,15,10,41,4.4,121,6.6,17:33,155,201,0,0,
Erik Johnson,29,D,COL,62,9,16,25,3,58,5.1,168,5.4,25:26,135,114,0,1,0.0
Jack Johnson,31,D,CBJ,77,3,8,11,-6,22,2.2,88,3.4,19:33,135,101,0,0,
Tyler Johnson,27,C,TBL,81,21,29,50,3,24,4.6,186,11.3,17:00,47,48,360,359,50.1
Andreas Johnsson,23,LW,TOR,9,2,1,3,-2,0,0.3,19,10.5,11:42,5,5,2,4,33.3
Ross Johnston,23,LW,NYI,24,3,3,6,0,62,0.5,19,15.8,9:20,11,46,1,4,20.0
Jussi Jokinen,34,LW,TOT,60,5,12,17,2,12,1.2,73,6.8,11:35,22,21,101,86,54.0
Jussi Jokinen,34,LW,LAK,18,1,4,5,0,4,0.3,19,5.3,11:15,4,3,50,33,60.2
Jussi Jokinen,34,LW,VAN,14,4,6,10,7,2,1.4,19,21.1,12:49,4,5,12,12,50.0
Jussi Jokinen,34,LW,EDM,14,0,1,1,-3,2,-0.3,22,0.0,12:19,11,8,15,14,51.7
Jussi Jokinen,34,LW,CBJ,14,0,1,1,-2,4,-0.2,13,0.0,10:01,3,5,24,27,47.1
Seth Jones,23,D,CBJ,78,16,41,57,10,30,9.9,249,6.4,24:36,124,92,0,0,
Josh Jooris,27,RW,TOT,40,3,3,6,-7,16,0.0,50,6.0,9:46,11,51,75,88,46.0
Josh Jooris,27,RW,CAR,31,3,3,6,-7,16,0.1,42,7.1,10:31,9,47,51,62,45.1
Josh Jooris,27,RW,PIT,9,0,0,0,0,0,-0.1,8,0.0,7:12,2,4,24,26,48.0
Jacob Josefson,26,C,BUF,39,2,2,4,-4,6,-0.1,35,5.7,11:23,33,26,141,179,44.1
Roman Josi,27,D,NSH,75,14,39,53,24,24,10.0,253,5.5,24:28,120,80,0,0,
Tyson Jost,19,C,COL,65,12,10,22,-10,26,1.6,113,10.6,14:38,26,33,84,145,36.7
Tomas Jurco,25,LW,CHI,29,6,4,10,1,12,1.1,44,13.6,12:37,12,22,4,12,25.0
Noah Juulsen,20,D,MTL,23,1,2,3,1,4,1.0,33,3.0,19:25,34,58,0,0,
Nazem Kadri,27,C,TOR,80,32,23,55,2,42,6.7,211,15.2,16:46,26,94,546,547,50.0
Vladislav Kamenev,21,C,COL,3,0,0,0,-2,0,-0.1,1,0.0,8:49,0,3,7,11,38.9
David Kampf,23,C,CHI,46,4,7,11,-9,12,0.2,46,8.7,12:48,23,29,291,258,53.0
Steven Kampfer,29,D,NYR,22,0,1,1,-7,20,-0.1,31,0.0,17:15,41,46,0,0,
Evander Kane,26,LW,TOT,78,29,25,54,-9,82,6.1,307,9.4,19:35,34,159,120,150,44.4
Evander Kane,26,LW,BUF,61,20,20,40,-14,57,4.1,227,8.8,19:23,26,120,80,103,43.7
Evander Kane,26,LW,SJS,17,9,5,14,5,25,2.0,80,11.3,20:15,8,39,40,47,46.0
Patrick Kane,29,RW,CHI,82,27,49,76,-20,32,7.1,285,9.5,20:11,14,18,7,11,38.9
Kasperi Kapanen,21,RW,TOR,38,7,2,9,-1,4,0.9,55,12.7,11:15,9,57,1,6,14.3
Erik Karlsson,27,D,OTT,71,9,53,62,-25,36,7.2,196,4.6,26:44,120,58,0,0,
Melker Karlsson,27,C,SJS,71,8,11,19,-5,26,1.1,76,10.5,13:15,69,81,12,6,66.7
William Karlsson,25,C,VEG,82,43,35,78,49,12,11.8,184,23.4,18:43,45,48,402,435,48.0
Ondrej Kase,22,RW,ANA,66,20,18,38,18,14,5.1,146,13.7,13:55,26,28,5,21,19.2
Zack Kassian,27,RW,EDM,74,7,12,19,-8,92,0.9,86,8.1,11:40,9,129,5,19,20.8
Duncan Keith,34,D,CHI,82,2,30,32,-29,28,3.3,187,1.1,23:50,165,41,0,0,
Clayton Keller,19,LW,ARI,82,23,42,65,-7,24,6.7,212,10.8,18:05,28,7,37,41,47.4
Chris Kelly,37,C,ANA,12,0,2,2,1,2,0.1,5,0.0,7:40,6,7,2,7,22.2
Adrian Kempe,21,LW,LAK,81,16,21,37,11,49,4.2,119,13.4,13:20,18,91,263,420,38.5
Mario Kempe,29,RW,ARI,18,2,2,4,-1,4,0.3,20,10.0,11:05,11,20,27,43,38.6
Michal Kempny,27,D,TOT,53,3,7,10,14,26,3.2,82,3.7,15:55,82,57,0,0,
Michal Kempny,27,D,CHI,31,1,6,7,13,12,2.3,50,2.0,15:19,46,31,0,0,
Michal Kempny,27,D,WSH,22,2,1,3,1,14,0.8,32,6.3,16:45,36,26,0,0,
Nicolas Kerdiles,24,LW,ANA,2,0,0,0,0,0,0.0,0,,3:45,0,1,0,1,0.0
Alexander Kerfoot,23,C,COL,79,19,24,43,-7,28,4.5,81,23.5,13:27,35,42,207,285,42.1
Tanner Kero,25,RW,CHI,8,1,2,3,1,0,0.3,7,14.3,11:26,7,3,35,41,46.1
Ryan Kesler,33,C,ANA,44,8,6,14,-4,46,0.8,78,10.3,18:02,38,71,400,349,53.4
Phil Kessel,30,RW,PIT,82,34,58,92,-4,36,10.1,261,13.0,18:41,17,10,6,13,31.6
Jujhar Khaira,23,LW,EDM,69,11,10,21,-7,47,1.5,73,15.1,12:42,39,128,174,209,45.4
Alex Killorn,28,LW,TBL,82,15,32,47,22,45,4.4,156,9.6,16:30,25,82,22,33,40.0
Oscar Klefbom,24,D,EDM,66,5,16,21,-12,18,2.8,203,2.5,22:51,136,49,0,0,
Morgan Klimchuk,22,LW,CGY,1,0,0,0,0,0,0.0,0,,7:25,0,1,0,0,
John Klingberg,25,D,DAL,82,8,59,67,10,26,10.5,204,3.9,24:04,109,44,0,0,
Justin Kloos,24,C,MIN,1,0,0,0,0,2,0.0,0,,8:39,0,0,0,0,
Slater Koekkoek,23,D,TBL,35,4,4,8,4,18,1.6,43,9.3,11:14,24,36,0,0,
Mikko Koivu,34,C,MIN,82,14,31,45,9,46,3.7,170,8.2,18:29,53,51,809,766,51.4
Leo Komarov,31,C,TOR,74,7,12,19,0,31,0.6,114,6.1,15:47,48,219,112,100,52.8
Travis Konecny,20,C,PHI,81,24,23,47,17,46,5.7,177,13.6,14:54,53,97,7,14,33.3
Anze Kopitar,30,C,LAK,82,35,57,92,21,20,11.0,200,17.5,22:05,64,50,983,833,54.1
Kalle Kossila,24,LW,ANA,10,1,1,2,-4,0,0.0,9,11.1,9:05,4,7,26,27,49.1
Chris Kreider,26,LW,NYR,58,16,21,37,-2,44,4.0,137,11.7,15:37,24,103,25,35,41.7
David Krejci,31,C,BOS,64,17,27,44,10,18,4.9,119,14.3,16:53,35,31,502,465,51.9
Niklas Kronwall,37,D,DET,79,4,23,27,-14,36,3.7,76,5.3,18:31,107,82,0,0,
Torey Krug,26,D,BOS,76,14,45,59,0,36,8.8,197,7.1,20:24,73,79,0,0,
Marcus Kruger,27,C,CAR,48,1,5,6,-6,28,-0.3,30,3.3,10:50,16,56,159,128,55.4
Nikita Kucherov,24,RW,TBL,80,39,61,100,15,42,11.6,279,14.0,19:49,15,31,3,2,60.0
Tom Kuhnhackl,26,RW,PIT,69,2,6,8,-6,6,-0.4,63,3.2,10:01,50,139,2,10,16.7
Dean Kukan,24,D,CBJ,11,0,4,4,2,2,0.7,12,0.0,12:22,10,2,0,0,
Brett Kulak,24,D,CGY,71,2,6,8,-3,27,1.9,73,2.7,12:59,49,45,0,0,
Nikolai Kulemin,31,LW,NYI,13,1,2,3,0,0,0.1,7,14.3,11:56,15,16,4,6,40.0
Dmitry Kulikov,27,D,WPG,62,3,8,11,6,22,2.6,48,6.3,17:04,78,69,0,0,
Luke Kunin,20,C,MIN,19,2,2,4,-3,13,0.1,32,6.3,12:59,8,34,24,30,44.4
Chris Kunitz,38,LW,TBL,82,13,16,29,8,35,2.6,81,16.0,11:57,30,131,7,12,36.8
Janne Kuokkanen,19,C,CAR,4,0,0,0,-3,0,-0.2,6,0.0,11:04,1,1,0,0,
Sean Kuraly,25,C,BOS,75,6,8,14,-5,40,0.3,134,4.5,12:15,22,143,335,386,46.5
Evgeny Kuznetsov,25,C,WSH,79,27,56,83,3,48,8.8,187,14.4,18:49,26,50,450,568,44.2
Kevin Labanc,22,RW,SJS,77,11,29,40,-6,32,3.2,156,7.1,14:21,23,31,5,11,31.3
Andrew Ladd,32,LW,NYI,73,12,17,29,11,24,2.4,112,10.7,15:54,40,76,1,9,10.0
Paul Ladue,25,D,LAK,12,3,1,4,5,6,1.3,13,23.1,13:58,11,12,0,0,
Brooks Laich,34,C,LAK,12,0,1,1,-5,6,-0.3,10,0.0,11:12,5,22,53,56,48.6
Patrik Laine,19,RW,WPG,82,44,26,70,8,24,9.6,241,18.3,16:29,43,74,11,32,25.6
Gabriel Landeskog,25,LW,COL,78,25,37,62,16,37,7.2,183,13.7,20:09,51,149,215,203,51.4
Nick Lappin,25,RW,NJD,6,1,0,1,2,4,0.2,7,14.3,9:46,2,8,0,0,
Dylan Larkin,21,C,DET,82,16,47,63,-9,61,5.2,232,6.9,19:51,42,76,656,658,49.9
Adam Larsson,25,D,EDM,63,4,9,13,10,34,3.5,92,4.3,21:56,140,239,0,0,
Johan Larsson,25,C,BUF,80,4,13,17,-30,49,-0.5,86,4.7,14:07,47,117,348,291,54.5
Brian Lashoff,27,D,DET,1,0,0,0,0,0,0.0,0,,4:02,,0,,,
Scott Laughton,23,C,PHI,81,10,10,20,-10,42,1.0,108,9.3,11:07,27,126,314,290,52.0
Curtis Lazar,22,RW,CGY,65,2,10,12,-8,23,0.1,65,3.1,9:51,26,130,48,73,39.7
Nick Leddy,26,D,NYI,80,10,32,42,-42,20,2.8,153,6.5,22:25,104,95,0,0,
Anders Lee,27,LW,NYI,82,40,22,62,-25,44,6.7,208,19.2,17:16,38,102,11,5,68.8
Artturi Lehkonen,22,LW,MTL,66,12,9,21,-11,20,1.4,164,7.3,16:29,23,71,11,19,36.7
Jori Lehtera,30,C,PHI,62,3,5,8,-8,14,-0.4,45,6.7,10:31,21,55,85,64,57.0
Taylor Leier,23,LW,PHI,39,1,4,5,-7,6,-0.4,48,2.1,10:29,19,10,3,2,60.0
Brendan Leipsic,23,LW,TOT,58,5,17,22,-4,14,1.4,95,5.3,13:08,22,32,8,6,57.1
Brendan Leipsic,23,LW,VEG,44,2,11,13,-1,4,0.6,68,2.9,11:56,15,27,5,3,62.5
Brendan Leipsic,23,LW,VAN,14,3,6,9,-3,10,0.8,27,11.1,16:56,7,5,3,3,50.0
Josh Leivo,24,LW,TOR,16,1,3,4,0,6,0.2,25,4.0,10:34,5,2,6,3,66.7
Brendan Lemieux,21,LW,WPG,9,1,0,1,2,21,0.2,6,16.7,7:56,1,12,0,0,
Brett Lernout,22,D,MTL,18,0,1,1,-5,6,0.0,14,0.0,16:44,18,56,0,0,
Kris Letang,30,D,PIT,79,9,42,51,-9,56,7.1,222,4.1,25:20,108,109,0,1,0.0
Mark Letestu,32,C,TOT,80,9,14,23,-17,10,0.9,111,8.1,12:51,32,62,473,414,53.3
Mark Letestu,32,C,EDM,60,8,11,19,-17,10,0.8,95,8.4,13:05,25,47,347,302,53.5
Mark Letestu,32,C,CBJ,20,1,3,4,0,0,0.1,16,6.3,12:10,7,15,126,112,52.9
Vinni Lettieri,22,C,NYR,19,1,4,5,-12,0,-0.2,28,3.6,12:03,6,22,5,7,41.7
Trevor Lewis,31,C,LAK,68,14,12,26,-6,25,2.2,134,10.4,15:14,32,125,47,62,43.1
Mike Liambas,28,LW,ANA,7,0,1,1,0,21,0.0,3,0.0,5:17,1,15,0,2,0.0
Oscar Lindberg,26,C,VEG,63,9,2,11,-11,14,0.3,81,11.1,11:47,27,72,99,88,52.9
Oskar Lindblom,21,LW,PHI,23,2,4,6,4,8,0.4,36,5.6,14:35,13,27,0,0,
Esa Lindell,23,D,DAL,80,7,20,27,19,24,6.7,137,5.1,22:05,123,92,0,0,
Anton Lindholm,23,D,COL,48,0,4,4,4,14,1.3,22,0.0,13:10,51,99,0,0,
Elias Lindholm,23,C,CAR,81,16,28,44,-8,18,3.6,153,10.5,17:54,41,98,432,361,54.5
Hampus Lindholm,24,D,ANA,69,13,18,31,16,34,7.2,131,9.9,22:44,97,93,0,0,
Bryan Little,30,C,WPG,82,16,27,43,2,28,3.6,129,12.4,16:56,33,50,732,574,56.0
Ryan Lomberg,23,LW,CGY,7,0,1,1,0,15,0.0,5,0.0,6:15,1,11,0,2,0.0
Ben Lovejoy,33,D,NJD,57,2,6,8,7,25,2.6,74,2.7,16:35,86,84,0,0,
Keegan Lowe,24,D,EDM,2,0,0,0,-1,0,-0.1,4,0.0,13:54,1,1,0,0,
Adam Lowry,24,C,WPG,45,8,13,21,9,8,2.1,70,11.4,14:54,28,124,375,296,55.9
Milan Lucic,29,LW,EDM,82,10,24,34,-12,80,1.8,147,6.8,15:58,25,254,29,23,55.8
Olli Maatta,23,D,PIT,82,7,22,29,-1,28,4.9,164,4.3,18:45,115,131,0,0,
Kurtis MacDermid,23,D,LAK,34,1,3,4,-4,57,0.7,19,5.3,11:36,27,77,0,0,
Andrew MacDonald,31,D,PHI,66,6,15,21,8,30,4.3,82,7.3,19:51,131,36,0,0,
Derek MacKenzie,36,C,FLA,75,3,11,14,-9,31,-0.1,86,3.5,11:18,45,124,315,290,52.1
Nathan MacKinnon,22,C,COL,74,39,58,97,11,55,12.2,284,13.7,19:54,22,38,484,672,41.9
Denis Malgin,21,C,FLA,51,11,11,22,4,6,2.3,79,13.9,13:51,24,48,52,70,42.6
Evgeni Malkin,31,C,PIT,78,42,56,98,16,87,12.4,239,17.6,18:59,32,48,460,592,43.7
Brad Malone,28,C,EDM,7,0,0,0,0,6,-0.1,9,0.0,7:59,3,19,21,10,67.7
Maxim Mamin,23,LW,FLA,26,3,1,4,2,7,0.3,28,10.7,10:31,9,51,0,1,0.0
Andrew Mangiapane,21,LW,CGY,10,0,0,0,-3,2,-0.3,7,0.0,8:56,4,9,1,0,100.0
Brandon Manning,27,D,PHI,65,7,12,19,0,56,3.5,111,6.3,17:57,76,113,0,0,
Josh Manson,26,D,ANA,80,7,30,37,34,62,8.6,117,6.0,20:21,99,180,0,1,0.0
Anthony Mantha,23,RW,DET,80,24,24,48,-1,52,5.2,190,12.6,17:18,36,91,17,35,32.7
Brad Marchand,29,LW,BOS,68,34,51,85,25,63,11.0,182,18.7,19:43,25,37,50,76,39.7
Jon Marchessault,27,C,VEG,77,27,48,75,36,40,9.6,268,10.1,17:30,26,99,264,343,43.5
Martin Marincin,25,D,TOR,2,0,0,0,-2,2,-0.1,0,,16:41,4,1,0,0,
Patrick Marleau,38,LW,TOR,82,27,20,47,1,16,5.2,203,13.3,16:59,26,85,157,144,52.2
Mitch Marner,20,C,TOR,82,22,47,69,-1,26,7.0,194,11.3,16:23,25,31,50,45,52.6
Patrick Maroon,29,LW,TOT,74,17,26,43,1,73,4.2,141,12.1,16:32,14,150,11,13,45.8
Patrick Maroon,29,LW,EDM,57,14,16,30,5,60,3.1,121,11.6,17:04,13,119,9,10,47.4
Patrick Maroon,29,LW,NJD,17,3,10,13,-4,13,1.1,20,15.0,14:46,1,31,2,3,40.0
Danick Martel,23,LW,PHI,4,0,0,0,-1,0,-0.1,6,0.0,10:13,9,2,0,0,
Matt Martin,28,LW,TOR,50,3,9,12,0,50,0.8,46,6.5,7:59,9,147,12,4,75.0
Paul Martin,36,D,SJS,14,0,2,2,3,2,0.7,6,0.0,14:46,17,8,0,0,
Alec Martinez,30,D,LAK,77,9,16,25,3,34,5.9,111,8.1,22:52,206,100,0,1,0.0
Jordan Martinook,25,LW,ARI,81,6,9,15,-24,45,-0.4,112,5.4,14:01,42,128,39,68,36.4
Andreas Martinsen,27,LW,CHI,9,1,0,1,-1,17,0.0,14,7.1,12:38,4,35,0,0,
Mike Matheson,23,D,FLA,81,10,17,27,-1,61,5.1,167,6.0,21:20,137,53,0,0,
Stefan Matteau,23,C,VEG,8,0,1,1,0,0,0.0,8,0.0,8:12,1,8,1,1,50.0
Auston Matthews,20,C,TOR,62,34,29,63,25,12,9.0,187,18.2,18:08,61,16,375,313,54.5
Shawn Matthias,29,LW,WPG,27,1,2,3,-1,10,-0.2,26,3.8,11:10,14,22,12,16,42.9
Scott Mayfield,25,D,NYI,47,2,10,12,-6,45,1.3,58,3.4,17:51,73,77,0,0,
Charlie McAvoy,20,D,BOS,63,7,25,32,20,53,6.8,77,9.1,22:09,80,133,0,0,
Jake McCabe,24,D,BUF,53,3,9,12,-11,26,2.2,53,5.7,19:30,79,110,0,1,0.0
Jared McCann,21,C,FLA,68,9,19,28,11,30,2.6,143,6.3,13:15,32,43,212,338,38.5
Michael McCarron,22,RW,MTL,18,0,1,1,-1,32,-0.2,15,0.0,8:46,14,61,60,63,48.8
Max McCormick,25,LW,OTT,30,3,2,5,-5,37,0.2,33,9.1,8:21,8,56,9,12,42.9
Ian McCoshen,22,D,FLA,38,3,1,4,-10,25,0.4,26,11.5,15:05,43,71,0,0,
Connor McDavid,21,C,EDM,82,41,67,108,20,26,13.1,274,15.0,21:33,46,28,376,533,41.4
Ryan McDonagh,28,D,TOT,63,4,25,29,8,20,5.3,99,4.0,23:20,163,71,0,0,
Ryan McDonagh,28,D,NYR,49,2,24,26,7,20,4.7,77,2.6,23:55,129,53,0,0,
Ryan McDonagh,28,D,TBL,14,2,1,3,1,0,0.6,22,9.1,21:17,34,18,0,0,
Brock McGinn,23,LW,CAR,80,16,14,30,-12,22,2.5,159,10.1,14:30,17,137,17,20,45.9
Jamie McGinn,29,LW,FLA,76,13,16,29,-5,33,2.3,116,11.2,13:27,22,120,7,19,26.9
Greg McKegg,25,C,PIT,26,2,2,4,-4,8,0.0,21,9.5,9:41,10,19,115,118,49.4
Curtis McKenzie,26,LW,DAL,7,0,2,2,3,11,0.2,11,0.0,8:06,1,8,0,1,0.0
Roland McKeown,22,D,CAR,10,0,3,3,3,19,0.7,7,0.0,13:25,5,3,0,0,
Cody McLeod,33,LW,TOT,48,1,3,4,-11,111,-0.5,36,2.8,7:23,19,131,0,0,
Cody McLeod,33,LW,NYR,25,0,2,2,-11,39,-0.5,25,0.0,7:54,9,76,0,0,
Cody McLeod,33,LW,NSH,23,1,1,2,0,72,0.0,11,9.1,6:49,10,55,0,0,
Brayden McNabb,27,D,VEG,76,5,10,15,26,52,5.2,88,5.7,20:09,176,225,0,0,
Adam McQuaid,31,D,BOS,38,1,3,4,-1,62,1.0,39,2.6,15:42,56,80,0,0,
Wade Megan,27,C,STL,1,0,0,0,0,0,0.0,1,0.0,8:21,0,0,1,1,50.0
Jaycob Megna,25,D,ANA,14,0,1,1,-4,2,0.0,7,0.0,15:43,30,6,0,0,
Jayson Megna,27,C,VAN,1,0,0,0,0,0,0.0,0,,4:18,0,0,0,2,0.0
Timo Meier,21,RW,SJS,81,21,15,36,2,51,4.0,210,10.0,14:52,48,105,71,75,48.6
Nicholas Merkley,20,RW,ARI,1,0,0,0,0,2,0.0,0,,13:30,0,0,0,0,
Dakota Mermis,24,D,ARI,9,0,0,0,-2,0,0.0,7,0.0,10:59,6,5,0,0,
Jonathon Merrill,25,D,VEG,34,1,2,3,7,22,1.4,30,3.3,16:05,42,35,0,0,
Victor Mete,19,D,MTL,49,0,7,7,5,4,2.0,43,0.0,15:35,71,1,0,0,
Marc Methot,32,D,DAL,36,1,2,3,11,31,1.9,25,4.0,17:53,52,77,0,0,
Sonny Milano,21,LW,CBJ,55,14,8,22,-8,10,2.3,69,20.3,11:39,11,28,0,0,
Colin Miller,25,D,VEG,82,10,31,41,-4,53,6.1,177,5.6,19:21,64,165,1,0,100.0
J.T. Miller,24,LW,TOT,82,23,35,58,-4,40,5.9,143,16.1,17:01,26,124,437,368,54.3
J.T. Miller,24,LW,NYR,63,13,27,40,-1,28,3.8,98,13.3,16:40,22,83,329,277,54.3
J.T. Miller,24,LW,TBL,19,10,8,18,-3,12,2.0,45,22.2,18:11,4,41,108,91,54.3
Kevan Miller,30,D,BOS,68,1,15,16,16,70,4.1,64,1.6,19:28,111,164,0,0,
Andrei Mironov,23,D,COL,10,1,2,3,2,12,0.7,3,33.3,11:03,16,19,0,0,
Torrey Mitchell,33,C,TOT,60,6,5,11,-5,30,0.5,55,10.9,11:24,29,53,194,197,49.6
Torrey Mitchell,33,C,LAK,49,6,5,11,-5,28,0.6,47,12.8,11:53,23,47,168,182,48.0
Torrey Mitchell,33,C,MTL,11,0,0,0,0,2,-0.2,8,0.0,9:18,6,6,26,15,63.4
Zack Mitchell,25,RW,MIN,23,3,2,5,-2,4,0.3,17,17.6,10:32,10,26,15,16,48.4
Casey Mittelstadt,19,C,BUF,6,1,4,5,1,2,0.6,9,11.1,14:01,2,2,17,19,47.2
Sean Monahan,23,C,CGY,74,31,33,64,3,24,7.7,202,15.3,18:41,17,35,709,698,50.4
Brandon Montour,23,D,ANA,80,9,23,32,16,42,6.9,160,5.6,20:28,83,96,0,0,
Dominic Moore,37,C,TOR,50,6,6,12,3,16,1.1,46,13.0,10:18,19,41,196,165,54.3
John Moore,27,D,NJD,81,7,11,18,3,47,4.5,141,5.0,20:01,105,135,0,0,
Samuel Morin,22,D,PHI,2,0,0,0,1,4,0.1,1,0.0,15:49,1,7,0,0,
Josh Morrissey,22,D,WPG,81,7,19,26,15,47,5.6,102,6.9,20:27,168,139,1,1,50.0
Joseph Morrow,25,D,TOT,56,6,10,16,-4,26,2.9,83,7.2,16:44,67,79,0,0,
Joseph Morrow,25,D,MTL,38,5,6,11,-11,26,1.6,58,8.6,17:47,50,63,0,0,
Joseph Morrow,25,D,WPG,18,1,4,5,7,0,1.3,25,4.0,14:30,17,16,0,0,
Tyler Motte,22,LW,TOT,46,5,2,7,-4,6,0.2,64,7.8,11:13,27,93,6,16,27.3
Tyler Motte,22,LW,CBJ,31,3,2,5,-3,2,0.2,42,7.1,9:56,14,46,5,9,35.7
Tyler Motte,22,LW,VAN,15,2,0,2,-1,4,0.1,22,9.1,13:53,13,47,1,7,12.5
Matt Moulson,34,LW,BUF,14,0,0,0,-9,2,-0.5,13,0.0,10:17,8,8,0,0,
Mirco Mueller,22,D,NJD,28,0,4,4,1,4,1.0,19,0.0,16:41,42,15,0,0,
Connor Murphy,24,D,CHI,76,2,12,14,-3,34,2.7,109,1.8,16:22,101,138,0,0,
Ryan Murphy,24,D,MIN,21,2,3,5,8,16,1.7,25,8.0,19:01,19,5,0,0,
Trevor Murphy,22,D,ARI,8,1,2,3,5,0,1.0,5,20.0,14:14,9,6,0,0,
Ryan Murray,24,D,CBJ,44,1,11,12,4,8,2.3,34,2.9,18:26,75,31,0,0,
Jake Muzzin,28,D,LAK,74,8,34,42,10,40,7.9,154,5.2,21:39,123,170,0,0,
Tyler Myers,27,D,WPG,82,6,30,36,9,48,6.2,150,4.0,21:26,119,68,0,0,
Vladislav Namestnikov,25,C,TOT,81,22,26,48,6,45,4.7,155,14.2,17:05,44,79,285,337,45.8
Vladislav Namestnikov,25,C,TBL,62,20,24,44,11,35,4.8,127,15.7,17:30,38,60,227,253,47.3
Vladislav Namestnikov,25,C,NYR,19,2,2,4,-5,10,0.0,28,7.1,15:43,6,19,58,84,40.8
Rick Nash,33,LW/RW,TOT,71,21,13,34,-12,28,3.3,230,9.1,17:03,42,51,4,15,21.1
Rick Nash,33,RW,NYR,60,18,10,28,-8,24,2.8,189,9.5,17:06,37,45,4,13,23.5
Rick Nash,33,LW,BOS,11,3,3,6,-4,4,0.5,41,7.3,16:51,5,6,0,2,0.0
Riley Nash,28,C,BOS,76,15,26,41,16,18,4.4,113,13.3,15:25,67,86,459,490,48.4
James Neal,30,LW,VEG,71,25,19,44,-11,24,4.6,202,12.4,17:11,30,44,0,2,0.0
Martin Necas,19,C,CAR,1,0,0,0,0,0,0.0,0,,6:54,0,0,0,4,0.0
Brock Nelson,26,LW,NYI,82,19,16,35,-4,43,3.0,138,13.8,14:44,52,50,389,416,48.3
Casey Nelson,25,D,BUF,37,3,5,8,-14,8,1.1,48,6.3,18:47,37,31,0,0,
Patrik Nemeth,25,D,COL,68,3,12,15,27,41,5.1,73,4.1,19:51,185,66,0,3,0.0
Aaron Ness,27,D,WSH,8,0,1,1,2,8,0.3,2,0.0,12:44,8,1,0,0,
Nino Niederreiter,25,RW,MIN,63,18,14,32,14,36,4.0,133,13.5,15:00,20,58,15,18,45.5
Frans Nielsen,33,C,DET,79,16,17,33,1,14,3.1,134,11.9,15:50,62,49,483,558,46.4
Matthew Nieto,25,LW,COL,74,15,11,26,6,14,2.7,84,17.9,14:55,56,27,4,9,30.8
Boo Nieves,24,C,NYR,28,1,8,9,6,12,0.8,23,4.3,10:12,19,30,97,122,44.3
Sami Niku,21,D,WPG,1,1,0,1,0,0,0.2,2,50.0,15:13,3,0,0,0,
Matt Niskanen,31,D,WSH,68,7,22,29,24,36,6.6,120,5.8,22:36,98,117,0,0,
Stefan Noesen,24,RW,NJD,72,13,14,27,12,36,3.2,127,10.2,13:17,41,112,20,35,36.4
Jordan Nolan,28,LW,BUF,69,4,4,8,-13,69,-0.2,50,8.0,9:48,17,123,1,3,25.0
Joakim Nordstrom,25,LW,CAR,75,2,5,7,-11,6,-0.7,97,2.1,10:34,41,107,36,41,46.8
Tomas Nosek,25,LW,VEG,67,7,8,15,6,14,1.2,92,7.6,11:06,24,53,35,30,53.8
Ryan Nugent-Hopkins,24,C,EDM,62,24,24,48,10,20,5.9,151,15.9,18:05,39,44,374,393,48.8
Darnell Nurse,22,D,EDM,82,6,20,26,15,67,5.8,194,3.1,22:15,153,161,0,0,
Markus Nutivaara,23,D,CBJ,61,7,16,23,13,14,4.9,79,8.9,16:02,40,42,0,0,
Alexander Nylander,19,RW,BUF,3,1,0,1,-3,0,0.0,2,50.0,12:52,0,0,0,0,
William Nylander,21,C,TOR,82,20,41,61,20,10,6.7,184,10.9,16:41,18,21,334,316,51.4
Gustav Nyquist,28,RW,DET,82,21,19,40,-2,20,3.9,213,9.9,17:51,36,65,6,7,46.2
Jim O'Brien,29,C,OTT,10,0,1,1,-1,0,-0.1,11,0.0,8:45,5,10,27,37,42.2
Liam O'Brien,23,C,WSH,3,0,0,0,0,5,0.0,1,0.0,6:55,0,4,0,2,0.0
Rob O'Gara,24,D,TOT,30,0,3,3,-7,6,0.2,21,0.0,15:31,44,42,0,0,
Rob O'Gara,24,D,NYR,22,0,3,3,-2,6,0.5,19,0.0,17:10,34,32,0,0,
Rob O'Gara,24,D,BOS,8,0,0,0,-5,0,-0.3,2,0.0,10:59,10,10,0,0,
Will O'Neill,29,D,PHI,1,0,0,0,0,0,0.0,3,0.0,9:25,0,0,0,0,
Daniel O'Regan,24,C,TOT,21,0,4,4,-2,2,0.0,17,0.0,9:58,6,5,58,62,48.3
Daniel O'Regan,24,C,SJS,19,0,4,4,-3,2,0.0,17,0.0,9:59,6,5,56,58,49.1
Daniel O'Regan,24,C,BUF,2,0,0,0,1,0,0.0,0,,9:54,0,0,2,4,33.3
Cal O'Reilly,31,C,MIN,1,0,0,0,0,0,0.0,1,0.0,8:16,1,0,2,3,40.0
Ryan O'Reilly,26,C,BUF,81,24,37,61,-23,2,5.7,230,10.4,20:49,48,42,1273,850,60.0
Johnny Oduya,36,D,TOT,52,4,4,8,1,32,2.2,59,6.8,17:07,76,50,0,0,
Johnny Oduya,36,D,OTT,51,4,4,8,2,32,2.3,58,6.9,17:12,75,49,0,0,
Johnny Oduya,36,D,PHI,1,0,0,0,-1,0,-0.1,1,0.0,12:22,1,1,0,0,
Jordan Oesterle,25,D,CHI,55,5,10,15,-11,8,2.4,99,5.1,20:31,97,62,0,0,
Kyle Okposo,29,RW,BUF,76,15,29,44,-34,40,3.1,161,9.3,17:02,34,70,23,27,46.0
Jamie Oleksiak,25,D,TOT,68,5,12,17,7,87,3.8,81,6.2,16:40,76,174,0,0,
Jamie Oleksiak,25,D,PIT,47,4,10,14,13,69,3.5,64,6.3,17:24,53,138,0,0,
Jamie Oleksiak,25,D,DAL,21,1,2,3,-6,18,0.2,17,5.9,15:00,23,36,0,0,
Gustav Olofsson,23,D,MIN,41,0,8,8,0,14,1.2,22,0.0,12:46,44,23,0,0,
Dmitry Orlov,26,D,WSH,82,10,21,31,10,22,6.2,125,8.0,23:08,116,128,0,0,
Brooks Orpik,37,D,WSH,81,0,10,10,-9,68,1.3,54,0.0,19:22,168,218,0,0,
T.J. Oshie,31,RW,WSH,74,18,29,47,2,31,4.4,127,14.2,18:25,54,124,101,110,47.9
Xavier Ouellet,24,D,DET,45,0,7,7,-3,6,1.2,57,0.0,13:51,43,36,0,0,
Alex Ovechkin,32,LW,WSH,82,49,38,87,3,32,11.2,355,13.8,20:09,21,139,3,5,37.5
Magnus Paajarvi,26,LW,TOT,79,8,4,12,-11,12,0.1,126,6.3,12:27,42,104,2,6,25.0
Magnus Paajarvi,26,LW,STL,44,2,2,4,-3,8,-0.3,58,3.4,11:09,14,55,1,6,14.3
Magnus Paajarvi,26,LW,OTT,35,6,2,8,-8,4,0.3,68,8.8,14:05,28,49,1,0,100.0
Max Pacioretty,29,LW,MTL,64,17,20,37,-16,30,3.2,212,8.0,19:01,27,118,7,13,35.0
Jean-Gabriel Pageau,25,C,OTT,78,14,15,29,-14,36,1.7,147,9.5,16:44,69,131,580,553,51.2
Iiro Pakarinen,26,RW,EDM,40,2,1,3,1,6,-0.2,50,4.0,10:12,17,72,1,5,16.7
Ondrej Palat,26,LW,TBL,56,11,24,35,16,6,3.4,109,10.1,17:00,48,80,7,24,22.6
Kyle Palmieri,26,RW,NJD,62,24,20,44,-1,30,5.4,181,13.3,17:19,50,94,25,50,33.3
Artemi Panarin,26,LW,CBJ,81,27,55,82,23,26,9.4,228,11.8,20:08,19,15,0,7,0.0
Richard Panik,26,RW,TOT,72,14,21,35,7,38,3.6,136,10.3,15:12,37,137,4,8,33.3
Richard Panik,26,RW,CHI,37,6,10,16,3,26,1.5,70,8.6,14:18,22,73,1,2,33.3
Richard Panik,26,RW,ARI,35,8,11,19,4,12,2.1,66,12.1,16:08,15,64,3,6,33.3
Cedric Paquette,24,C,TBL,56,5,4,9,-5,41,0.1,64,7.8,10:12,32,112,234,265,46.9
Colton Parayko,24,D,STL,82,6,29,35,-7,13,5.6,212,2.8,22:37,141,120,0,0,
Zach Parise,33,LW,MIN,42,15,9,24,0,14,2.7,119,12.6,17:05,37,26,5,7,41.7
David Pastrnak,21,RW,BOS,82,35,45,80,10,37,9.8,246,14.2,17:58,31,55,5,20,20.0
Greg Pateryn,27,D,DAL,73,1,12,13,6,50,3.3,100,1.0,19:37,148,155,0,0,
Nolan Patrick,19,C,PHI,73,13,17,30,1,30,2.6,127,10.2,13:43,19,48,376,367,50.6
Nick Paul,22,LW,OTT,11,1,0,1,-4,0,-0.1,11,9.1,7:54,4,16,1,3,25.0
Joe Pavelski,33,C,SJS,82,22,44,66,0,41,6.4,224,9.8,19:15,70,93,500,411,54.9
Tanner Pearson,25,LW,LAK,82,15,25,40,11,27,4.0,180,8.3,15:58,36,116,36,37,49.3
Matthew Peca,24,C,TBL,10,2,3,5,6,0,0.7,17,11.8,13:40,8,11,78,59,56.9
Adam Pelech,23,D,NYI,78,3,16,19,7,28,3.4,106,2.8,19:16,142,100,0,0,
Anthony Peluso,28,RW,WSH,2,0,0,0,0,4,0.0,0,,4:39,0,4,0,0,
Brendan Perlini,21,LW,ARI,74,17,13,30,-2,28,3.2,129,13.2,14:31,34,83,5,6,45.5
Mathieu Perreault,30,C,WPG,70,17,22,39,4,38,4.1,139,12.2,14:28,25,120,33,26,55.9
David Perron,29,LW,VEG,70,16,50,66,1,50,6.4,125,12.8,17:49,20,118,96,142,40.3
Corey Perry,32,RW,ANA,71,17,32,49,-4,71,4.5,168,10.1,17:47,36,59,2,14,12.5
Brett Pesce,23,D,CAR,65,3,16,19,-6,18,3.4,88,3.4,20:54,101,57,0,1,0.0
Nic Petan,22,LW,WPG,15,2,0,2,0,6,0.2,16,12.5,8:25,4,4,12,13,48.0
Alexander Petrovic,25,D,FLA,67,2,11,13,-2,98,2.2,60,3.3,14:39,74,142,0,0,
Jeff Petry,30,D,MTL,82,12,30,42,-30,28,5.5,178,6.7,23:30,138,167,0,1,0.0
Marcus Pettersson,21,D,ANA,22,1,3,4,5,6,1.2,16,6.3,13:37,27,18,0,0,
Dion Phaneuf,32,D,TOT,79,6,20,26,-15,49,3.8,134,4.5,20:00,154,161,0,0,
Dion Phaneuf,32,D,OTT,53,3,13,16,-8,34,2.4,86,3.5,20:15,114,108,0,0,
Dion Phaneuf,32,D,LAK,26,3,7,10,-7,15,1.4,48,6.3,19:28,40,53,0,0,
Blake Pietila,24,LW,NJD,2,0,0,0,0,0,0.0,1,0.0,9:28,0,5,0,0,
Alex Pietrangelo,28,D,STL,78,15,39,54,8,22,9.8,216,6.9,25:44,164,48,0,0,
Neal Pionk,22,D,NYR,28,1,13,14,-1,12,2.1,54,1.9,22:23,41,49,0,0,
Brandon Pirri,26,RW,VEG,2,3,0,3,3,0,0.7,11,27.3,17:37,0,2,1,1,50.0
Tyler Pitlick,26,C,DAL,80,14,13,27,9,34,2.9,129,10.9,13:41,57,122,13,34,27.7
Tomas Plekanec,35,C,TOT,77,6,20,26,1,45,1.6,144,4.2,15:08,41,61,659,577,53.3
Tomas Plekanec,35,C,MTL,60,6,18,24,3,39,1.8,125,4.8,16:18,37,38,564,508,52.6
Tomas Plekanec,35,C,TOR,17,0,2,2,-2,6,-0.2,19,0.0,11:03,4,23,95,69,57.9
Brayden Point,21,C,TBL,82,32,34,66,18,24,7.5,217,14.7,19:37,57,26,557,617,47.4
Roman Polak,31,D,TOR,54,2,10,12,5,46,2.4,47,4.3,17:39,84,131,0,0,
Jason Pominville,35,RW,BUF,82,16,18,34,-17,8,2.9,168,9.5,14:54,35,39,33,24,57.9
Tucker Poolman,24,D,WPG,24,1,1,2,2,0,0.7,27,3.7,12:34,18,20,0,0,
Paul Postma,28,D,BOS,14,0,1,1,-2,2,0.1,14,0.0,10:14,10,13,0,0,
Benoit Pouliot,31,LW,BUF,74,13,6,19,-8,22,1.7,83,15.7,13:41,34,69,12,21,36.4
Derrick Pouliot,24,D,VAN,71,3,19,22,-22,39,2.3,78,3.8,17:51,118,79,0,0,
Shane Prince,25,LW,NYI,14,1,1,2,-3,11,-0.1,20,5.0,12:00,3,10,5,6,45.5
Nate Prosser,31,D,TOT,57,3,6,9,8,19,2.5,27,11.1,13:28,84,60,0,0,
Nate Prosser,31,D,MIN,56,3,6,9,8,19,2.4,27,11.1,13:26,83,56,0,0,
Nate Prosser,31,D,STL,1,0,0,0,0,0,0.0,0,,15:23,1,4,0,0,
Dalton Prout,27,D,NJD,4,0,0,0,-2,13,-0.1,5,0.0,13:59,3,7,0,0,
Ivan Provorov,21,D,PHI,82,17,24,41,17,20,8.6,203,8.4,24:09,169,148,0,0,
Jesse Puljujarvi,19,RW,EDM,65,12,8,20,-1,14,1.8,136,8.8,13:22,23,67,0,3,0.0
Ryan Pulock,23,D,NYI,68,10,22,32,-4,14,4.5,184,5.4,18:24,86,113,0,0,
Tom Pyatt,30,LW,OTT,81,7,15,22,-12,10,0.6,103,6.8,14:03,93,55,17,34,33.3
Mark Pysyk,26,D,FLA,82,3,13,16,-8,20,2.6,106,2.8,18:46,123,102,0,0,
John Quenneville,21,C,NJD,2,0,0,0,-3,0,-0.2,5,0.0,13:18,0,4,0,1,0.0
Kyle Quincey,32,D,MIN,18,0,3,3,-4,28,0.2,11,0.0,14:17,18,21,0,0,
Alan Quine,24,C,NYI,21,0,3,3,-2,4,-0.2,15,0.0,11:44,9,32,40,63,38.8
Alexander Radulov,31,RW,DAL,82,27,45,72,4,72,8.0,217,12.4,20:08,64,77,6,4,60.0
Michael Raffl,29,LW,PHI,76,13,9,22,9,28,2.1,96,13.5,13:15,50,90,39,27,59.1
Rickard Rakell,24,C,ANA,77,34,35,69,6,14,8.3,230,14.8,19:25,30,115,105,121,46.5
Mikko Rantanen,21,RW,COL,81,29,55,84,0,34,9.3,178,16.3,18:58,40,32,60,57,51.3
Victor Rask,24,C,CAR,71,14,17,31,0,12,2.9,126,11.1,15:23,29,62,393,323,54.9
Dennis Rasmussen,27,C,ANA,27,1,3,4,4,8,0.3,19,5.3,8:54,15,31,34,36,48.6
Ty Rattie,24,RW,EDM,14,5,4,9,1,2,1.1,32,15.6,15:28,4,11,0,0,
Kyle Rau,25,C,MIN,3,0,1,1,0,0,0.0,4,0.0,11:02,0,7,0,0,
Matt Read,31,RW,PHI,19,1,0,1,-2,2,-0.2,16,6.3,10:54,11,21,4,8,33.3
Ryan Reaves,31,RW,TOT,79,4,6,10,-7,94,0.1,42,9.5,7:36,27,236,14,14,50.0
Ryan Reaves,31,RW,PIT,58,4,4,8,-9,84,0.2,34,11.8,6:45,19,161,7,8,46.7
Ryan Reaves,31,RW,VEG,21,0,2,2,2,10,-0.1,8,0.0,9:55,8,75,7,6,53.8
Zach Redmond,29,D,BUF,3,0,0,0,1,2,0.1,7,0.0,14:29,2,4,0,0,
Mike Reilly,24,D,TOT,57,2,16,18,-5,26,2.5,65,3.1,14:58,37,41,0,0,
Mike Reilly,24,D,MIN,38,2,8,10,-6,18,1.1,36,5.6,12:21,18,24,0,0,
Mike Reilly,24,D,MTL,19,0,8,8,1,8,1.3,29,0.0,20:12,19,17,0,0,
Sam Reinhart,22,C,BUF,82,25,25,50,-24,26,5.0,188,13.3,17:06,42,48,56,86,39.4
Mitch Reinke,21,D,STL,1,0,0,0,0,0,0.0,1,0.0,13:05,2,0,0,0,
Brad Richardson,32,C,ARI,76,3,12,15,-24,45,-0.7,105,2.9,14:46,52,72,543,500,52.1
Tobias Rieder,25,RW,TOT,78,12,13,25,-12,6,1.7,114,10.5,14:39,41,96,22,24,47.8
Tobias Rieder,25,RW,ARI,58,8,11,19,-11,6,1.1,80,10.0,15:17,35,76,22,23,48.9
Tobias Rieder,25,RW,LAK,20,4,2,6,-1,0,0.6,34,11.8,12:50,6,20,0,1,0.0
Morgan Rielly,23,D,TOR,76,6,46,52,-4,14,6.8,182,3.3,21:36,84,48,0,2,0.0
Zac Rinaldo,27,LW,ARI,53,5,2,7,-7,44,0.1,56,8.9,11:17,23,188,4,11,26.7
Rasmus Ristolainen,23,D,BUF,73,6,35,41,-25,48,5.7,182,3.3,26:30,111,206,1,0,100.0
Brett Ritchie,24,RW,DAL,71,7,7,14,1,42,1.0,117,6.0,10:50,10,172,0,1,0.0
Nick Ritchie,22,LW,ANA,76,10,17,27,3,72,2.2,122,8.2,13:11,27,221,6,11,35.3
Eric Robinson,22,LW,CBJ,1,0,0,0,1,0,0.0,2,0.0,11:21,0,0,0,0,
Jack Rodewald,23,RW,OTT,4,0,0,0,-1,2,-0.1,0,,7:18,2,5,0,2,0.0
Evan Rodrigues,24,LW,BUF,48,7,18,25,-10,14,2.0,91,7.7,13:56,23,19,156,212,42.4
Kevin Rooney,24,C,NJD,1,0,0,0,0,0,0.0,3,0.0,11:46,0,2,1,2,33.3
Calle Rosen,23,D,TOR,4,0,1,1,-3,4,-0.1,5,0.0,12:47,0,1,0,0,
Jack Roslovic,21,C,WPG,31,5,9,14,5,2,1.5,38,13.2,12:19,9,20,18,21,46.2
Antoine Roussel,28,LW,DAL,73,5,12,17,1,126,0.9,85,5.9,12:26,42,104,22,16,57.9
Carter Rowney,28,RW,PIT,44,2,3,5,-13,4,-0.5,21,9.5,9:21,24,74,164,146,52.9
Kevin Roy,24,LW,ANA,25,6,1,7,3,6,0.9,26,23.1,13:39,7,11,0,9,0.0
Nicolas Roy,20,C,CAR,1,0,0,0,-1,0,-0.1,1,0.0,10:46,0,2,6,4,60.0
Chad Ruhwedel,27,D,PIT,44,2,3,5,-8,16,0.7,67,3.0,15:44,43,67,0,0,
Kris Russell,30,D,EDM,78,4,17,21,-7,8,3.1,90,4.4,19:04,223,97,0,0,
Bryan Rust,25,RW,PIT,69,13,25,38,11,26,3.7,123,10.6,16:03,40,97,8,23,25.8
Jan Rutta,27,D,CHI,57,6,14,20,-1,24,3.7,71,8.5,19:15,64,24,0,0,
Bobby Ryan,30,RW,OTT,62,11,22,33,-12,14,2.4,112,9.8,16:27,52,97,12,10,54.5
Derek Ryan,31,C,CAR,80,15,23,38,-15,28,2.9,135,11.1,15:36,27,52,531,409,56.5
Joakim Ryan,24,D,SJS,62,3,9,12,13,8,3.7,79,3.8,16:45,98,33,0,0,
Kerby Rychel,23,LW,MTL,4,1,1,2,-2,2,0.2,7,14.3,11:02,2,13,2,2,50.0
Brandon Saad,25,LW,CHI,82,18,17,35,-10,14,2.7,237,7.6,17:30,32,29,56,65,46.3
Miikka Salomaki,24,RW,NSH,58,2,6,8,-8,34,-0.4,51,3.9,10:17,35,114,5,7,41.7
Travis Sanheim,21,D,PHI,49,2,8,10,-6,20,1.3,72,2.8,15:35,35,27,0,0,
Steven Santini,22,D,NJD,36,2,8,10,0,21,2.0,56,3.6,20:16,73,113,0,1,0.0
Ashton Sautner,23,D,VAN,5,0,2,2,4,2,0.6,3,0.0,13:22,5,9,0,0,
David Savard,27,D,CBJ,81,4,12,16,2,32,3.5,145,2.8,19:23,143,144,0,0,
Luca Sbisa,28,D,VEG,30,2,12,14,8,15,2.7,26,7.7,19:31,54,50,0,0,
Marco Scandella,27,D,BUF,82,5,17,22,-15,37,4.4,138,3.6,23:19,114,91,0,0,
Colton Sceviour,28,RW,FLA,76,11,13,24,6,24,2.0,141,7.8,13:26,69,84,77,81,48.7
Tim Schaller,27,C,BOS,82,12,10,22,-5,42,1.5,133,9.0,13:17,59,132,76,90,45.8
Mark Scheifele,24,C,WPG,60,23,37,60,19,18,7.0,125,18.4,20:41,31,57,594,565,51.3
Brayden Schenn,26,C,STL,82,28,42,70,10,56,7.9,210,13.3,19:44,37,154,660,714,48.0
Luke Schenn,28,D,ARI,64,1,6,7,-12,35,1.3,59,1.7,16:23,105,219,0,0,
Nikita Scherbak,22,RW,MTL,26,4,2,6,-5,8,0.3,39,10.3,13:23,15,18,2,0,100.0
David Schlemko,30,D,MTL,37,1,4,5,3,6,1.6,38,2.6,18:04,72,33,0,0,
Jordan Schmaltz,24,D,STL,13,0,1,1,0,6,0.3,5,0.0,10:58,12,4,0,0,
Nick Schmaltz,21,LW,CHI,78,21,31,52,1,18,5.2,118,17.8,18:14,39,13,321,480,40.1
Nate Schmidt,26,D,VEG,76,5,31,36,19,16,7.0,103,4.9,22:14,121,41,0,1,0.0
Jordan Schroeder,27,LW,CBJ,21,1,1,2,-4,4,-0.1,20,5.0,7:29,2,14,39,24,61.9
Justin Schultz,27,D,PIT,63,4,23,27,22,14,5.9,109,3.7,19:31,93,36,0,0,
Jaden Schwartz,25,LW,STL,62,24,35,59,15,26,7.2,157,15.3,19:24,30,52,30,43,41.1
Brent Seabrook,32,D,CHI,81,7,19,26,-3,38,4.9,136,5.1,20:12,170,85,0,2,0.0
Daniel Sedin,37,LW,VAN,81,23,32,55,-21,40,5.4,189,12.2,15:16,2,38,18,22,45.0
Henrik Sedin,37,C,VAN,82,3,47,50,-22,30,2.7,67,4.5,15:33,19,18,438,504,46.5
Lukas Sedlak,24,LW,CBJ,53,4,4,8,-3,21,0.3,50,8.0,9:24,26,77,191,180,51.5
Nick Seeler,24,D,MIN,22,0,4,4,10,21,1.4,17,0.0,14:32,25,20,0,0,
Tyler Seguin,26,C,DAL,82,40,38,78,12,43,10.2,335,11.9,20:55,44,74,790,650,54.9
Dennis Seidenberg,36,D,NYI,28,0,5,5,-9,17,0.0,31,0.0,17:53,43,65,0,0,
Andrej Sekera,31,D,EDM,36,0,8,8,-15,6,0.1,36,0.0,16:20,42,27,0,0,
Mikhail Sergachev,19,D,TBL,79,9,31,40,11,38,6.0,141,6.4,15:22,64,90,0,0,
Damon Severson,23,D,NJD,76,9,15,24,-8,42,4.4,121,7.4,19:41,62,107,0,0,
Ben Sexton,26,C,OTT,2,0,0,0,-1,0,-0.1,1,0.0,10:17,0,6,3,2,60.0
Patrick Sharp,36,LW,CHI,70,10,11,21,-16,14,1.1,143,7.0,12:53,25,46,53,43,55.2
Kevin Shattenkirk,29,D,NYR,46,5,18,23,-14,44,2.8,94,5.3,20:16,65,44,0,0,
Andrew Shaw,26,RW,MTL,51,10,10,20,-8,53,1.6,94,10.6,15:49,26,80,177,149,54.3
Logan Shaw,26,RW,TOT,72,4,10,14,-6,12,0.3,105,3.8,11:53,46,110,92,111,45.3
Logan Shaw,26,RW,ANA,42,2,6,8,-1,4,0.2,59,3.4,11:30,23,45,4,13,23.5
Logan Shaw,26,RW,MTL,30,2,4,6,-5,8,0.1,46,4.3,12:25,23,65,88,98,47.3
Riley Sheahan,26,C,TOT,81,11,21,32,4,8,2.5,109,10.1,14:40,50,52,560,473,54.2
Riley Sheahan,26,C,PIT,73,11,21,32,4,4,2.6,104,10.6,15:17,46,46,552,462,54.4
Riley Sheahan,26,C,DET,8,0,0,0,0,4,-0.1,5,0.0,9:03,4,6,8,11,42.1
Conor Sheary,25,LW,PIT,79,18,12,30,2,10,3.1,142,12.7,13:57,31,29,4,7,36.4
Vadim Shipachyov,30,LW,VEG,3,1,0,1,3,2,0.3,3,33.3,10:35,0,1,12,9,57.1
Devin Shore,23,C,DAL,82,11,21,32,-30,14,1.4,123,8.9,15:26,57,71,88,102,46.3
Nick Shore,25,C,TOT,64,5,14,19,-3,16,0.9,74,6.8,14:10,20,55,352,386,47.7
Nick Shore,25,C,LAK,49,4,11,15,-4,12,0.7,52,7.7,14:34,15,40,278,300,48.1
Nick Shore,25,C,CGY,9,1,2,3,0,4,0.2,16,6.3,15:08,4,9,52,64,44.8
Nick Shore,25,C,OTT,6,0,1,1,1,0,0.0,6,0.0,9:28,1,6,22,22,50.0
Patrick Sieloff,23,D,OTT,1,1,0,1,-2,0,0.1,3,33.3,11:11,1,1,0,0,
Duncan Siemens,24,D,COL,16,1,1,2,-5,23,0.1,14,7.1,12:19,21,22,0,0,
Dylan Sikura,22,RW,CHI,5,0,3,3,2,0,0.3,9,0.0,13:24,2,0,0,1,0.0
Jakob Silfverberg,27,RW,ANA,77,17,23,40,6,18,3.8,187,9.1,17:58,61,52,18,35,34.0
Wayne Simmonds,29,RW,PHI,75,24,22,46,-16,57,4.0,176,13.6,18:05,54,129,12,9,57.1
Dominik Simon,23,C,PIT,33,4,8,12,2,16,1.1,36,11.1,11:25,18,37,6,8,42.9
Colton Sissons,24,C,NSH,81,9,18,27,2,42,1.4,120,7.5,16:06,49,136,517,418,55.3
Jeff Skinner,25,LW,CAR,82,24,25,49,-27,34,4.3,277,8.7,16:42,24,35,26,34,43.3
Brady Skjei,23,D,NYR,82,4,21,25,-27,39,2.7,153,2.6,21:02,119,127,0,0,
Jaccob Slavin,23,D,CAR,82,8,22,30,1,10,6.2,154,5.2,22:35,154,47,0,0,
Anton Slepyshev,23,LW,EDM,50,6,6,12,-4,8,0.7,73,8.2,11:49,18,61,1,6,14.3
Brendan Smith,28,D,NYR,44,1,7,8,2,69,1.9,66,1.5,17:10,37,58,0,0,
Craig Smith,28,RW,NSH,79,25,26,51,20,24,6.5,229,10.9,15:23,35,60,40,54,42.6
Gemel Smith,23,C,DAL,46,6,5,11,5,17,1.3,42,14.3,9:26,13,33,43,51,45.7
Reilly Smith,26,RW,VEG,67,22,38,60,31,24,7.6,162,13.6,17:55,24,40,4,9,30.8
Zack Smith,29,LW,OTT,68,5,14,19,-32,54,-0.7,124,4.0,16:43,29,90,297,323,47.9
Devante Smith-Pelly,25,RW,WSH,75,7,9,16,-6,38,0.5,103,6.8,12:21,62,151,16,17,48.5
Vladimir Sobotka,30,LW,STL,81,11,20,31,-6,50,1.9,136,8.1,17:07,45,127,191,161,54.3
Carl Soderberg,32,C,COL,77,16,21,37,0,26,3.4,150,10.7,17:21,64,71,425,514,45.3
Marcus Sorensen,25,LW,SJS,32,5,2,7,-5,5,0.5,25,20.0,10:09,15,26,2,2,50.0
Nikita Soshnikov,24,RW,TOT,15,1,1,2,-2,4,0.0,17,5.9,11:01,2,24,0,1,0.0
Nikita Soshnikov,24,RW,STL,12,1,1,2,0,4,0.1,17,5.9,11:10,0,19,0,0,
Nikita Soshnikov,24,RW,TOR,3,0,0,0,-2,0,-0.1,0,,10:26,2,5,0,1,0.0
Carson Soucy,23,D,MIN,3,0,0,0,-2,2,-0.1,4,0.0,14:51,3,4,0,0,
Jason Spezza,34,C,DAL,78,8,18,26,-12,12,1.5,138,5.8,13:00,26,16,417,330,55.8
Ryan Spooner,26,C,TOT,59,13,28,41,6,4,4.3,107,12.1,15:18,16,66,91,119,43.3
Ryan Spooner,26,C,BOS,39,9,16,25,10,2,2.9,70,12.9,14:29,12,38,68,66,50.7
Ryan Spooner,26,C,NYR,20,4,12,16,-4,2,1.4,37,10.8,16:51,4,28,23,53,30.3
Daniel Sprong,20,RW,PIT,8,2,1,3,2,0,0.4,22,9.1,13:59,4,9,0,0,
Ryan Sproul,25,D,NYR,16,1,4,5,-6,6,0.4,15,6.7,16:22,17,6,0,0,
Jared Spurgeon,28,D,MIN,61,9,28,37,-6,8,5.4,110,8.2,24:33,127,64,0,1,0.0
Eric Staal,33,C,MIN,82,42,34,76,8,42,9.8,241,17.4,17:49,49,42,571,544,51.2
Jordan Staal,29,C,CAR,79,19,27,46,-4,26,4.2,160,11.9,19:15,32,181,757,581,56.6
Marc Staal,31,D,NYR,72,1,7,8,11,18,3.2,68,1.5,18:32,96,76,0,0,
Drew Stafford,32,RW,NJD,59,8,7,15,-20,10,0.3,102,7.8,13:52,15,77,41,40,50.6
Matt Stajan,34,C,CGY,68,4,8,12,4,28,0.6,65,6.2,10:56,31,74,248,234,51.5
Steven Stamkos,27,C,TBL,78,27,59,86,18,72,9.3,212,12.7,18:46,35,61,466,426,52.2
Paul Stastny,32,C,TOT,82,16,37,53,1,18,4.7,159,10.1,18:18,38,43,832,683,54.9
Paul Stastny,32,C,STL,63,12,28,40,-5,14,3.3,135,8.9,18:41,29,36,677,550,55.2
Paul Stastny,32,C,WPG,19,4,9,13,6,4,1.4,24,16.7,17:02,9,7,155,133,53.8
Troy Stecher,23,D,VAN,68,1,10,11,-7,35,2.1,94,1.1,18:49,75,111,0,1,0.0
Alex Steen,33,LW,STL,76,15,31,46,-11,20,3.6,168,8.9,18:42,58,53,24,35,40.7
Lee Stempniak,34,RW,CAR,37,3,6,9,-8,4,0.2,41,7.3,12:28,11,40,3,11,21.4
Derek Stepan,27,C,ARI,82,14,42,56,-7,26,4.7,209,6.7,19:16,54,52,740,810,47.7
Chandler Stephenson,23,C,WSH,67,6,12,18,13,8,1.6,36,16.7,11:52,33,26,40,33,54.8
Chris Stewart,30,RW,TOT,54,10,6,16,-5,27,1.5,68,14.7,10:45,14,48,3,7,30.0
Chris Stewart,30,RW,MIN,47,9,4,13,-1,27,1.3,59,15.3,10:43,14,37,2,4,33.3
Chris Stewart,30,RW,CGY,7,1,2,3,-4,0,0.1,9,11.1,10:55,0,11,1,3,25.0
Mark Stone,25,RW,OTT,58,20,42,62,9,10,6.8,132,15.2,20:40,39,53,33,28,54.1
Michael Stone,27,D,CGY,82,3,7,10,-11,28,2.2,98,3.1,16:45,158,106,0,0,
Anton Stralman,31,D,TBL,80,4,14,18,29,18,4.7,131,3.1,21:29,100,104,0,0,
Mark Streit,40,D,MTL,2,0,0,0,-2,0,-0.1,3,0.0,14:13,0,2,0,0,
Dylan Strome,20,C,ARI,21,4,5,9,4,8,1.1,30,13.3,12:57,12,7,92,122,43.0
Ryan Strome,24,RW,EDM,82,13,21,34,-4,33,2.5,147,8.8,15:13,17,43,297,374,44.3
P.K. Subban,28,D,NSH,82,16,43,59,18,82,10.5,207,7.7,24:07,90,111,1,2,33.3
Oskar Sundqvist,23,C,STL,42,1,4,5,-5,14,-0.3,41,2.4,10:29,14,47,144,179,44.6
Andrej Sustr,27,D,TBL,44,2,5,7,-5,18,0.6,45,4.4,12:50,33,9,0,0,
Ryan Suter,33,D,MIN,78,6,45,51,-1,34,7.4,149,4.0,26:47,138,78,0,0,
Brandon Sutter,28,C,VAN,61,11,15,26,8,8,2.5,106,10.4,17:19,32,55,570,532,51.7
Evgeny Svechnikov,21,RW,DET,14,2,2,4,-2,8,0.3,15,13.3,8:49,6,15,1,4,20.0
Jordan Szwarz,26,RW,BOS,12,0,3,3,-4,2,-0.1,19,0.0,11:31,8,9,28,42,40.0
Brandon Tanev,26,LW,WPG,61,8,10,18,13,18,1.8,79,10.1,12:40,56,188,3,8,27.3
Chris Tanev,28,D,VAN,42,2,9,11,7,8,2.8,31,6.5,19:47,70,21,0,0,
Vladimir Tarasenko,26,RW,STL,80,33,33,66,15,17,8.4,306,10.8,19:03,37,89,1,3,25.0
Tomas Tatar,27,LW,TOT,82,20,14,34,-19,34,2.7,174,11.5,16:16,29,67,2,13,13.3
Tomas Tatar,27,LW,DET,62,16,12,28,-8,24,2.6,140,11.4,16:44,24,45,1,8,11.1
Tomas Tatar,27,LW,VEG,20,4,2,6,-11,10,0.1,34,11.8,14:48,5,22,1,5,16.7
John Tavares,27,C,NYI,82,37,47,84,-12,26,8.8,257,14.4,19:56,34,30,913,813,52.9
Matt Tennyson,27,D,BUF,15,0,0,0,-8,8,-0.2,25,0.0,17:58,11,13,0,0,
Teuvo Teravainen,23,LW,CAR,82,23,41,64,8,14,7.1,185,12.4,16:53,22,26,15,34,30.6
Troy Terry,20,RW,ANA,2,0,0,0,0,0,0.0,3,0.0,10:13,2,0,0,0,
Shea Theodore,22,D,VEG,61,6,23,29,5,14,4.9,144,4.2,20:21,70,29,0,0,
Nate Thompson,33,C,TOT,69,5,12,17,-1,20,0.8,53,9.4,12:46,39,122,360,278,56.4
Nate Thompson,33,C,OTT,43,4,7,11,0,10,0.6,28,14.3,12:30,24,79,224,174,56.3
Nate Thompson,33,C,LAK,26,1,5,6,-1,10,0.1,25,4.0,13:13,15,43,136,104,56.7
Tage Thompson,20,C,STL,41,3,6,9,-12,12,0.0,55,5.5,11:55,9,39,1,9,10.0
Chris Thorburn,34,RW,STL,50,1,6,7,-4,60,0.1,35,2.9,7:02,16,99,7,5,58.3
Joe Thornton,38,C,SJS,47,13,23,36,-9,38,3.3,75,17.3,18:21,18,32,229,211,52.0
Chris Tierney,23,C,SJS,82,17,23,40,0,8,3.7,118,14.4,16:00,45,26,488,468,51.0
Owen Tippett,18,RW,FLA,7,1,0,1,-6,0,-0.2,17,5.9,11:07,4,3,0,2,0.0
Matthew Tkachuk,20,LW,CGY,68,24,25,49,-1,61,5.6,188,12.8,17:15,16,80,7,10,41.2
Jonathan Toews,29,C,CHI,74,20,32,52,-1,47,5.0,211,9.5,19:41,24,32,900,653,58.0
Tyler Toffoli,25,C,LAK,82,24,23,47,9,16,5.6,251,9.6,16:07,17,75,9,16,36.0
Eeli Tolvanen,18,RW,NSH,3,0,0,0,0,0,-0.1,3,0.0,12:07,1,2,0,0,
Dominic Toninato,23,C,COL,37,0,2,2,0,12,-0.3,25,0.0,7:54,14,24,83,116,41.7
Vincent Trocheck,24,C,FLA,82,31,44,75,-9,54,7.4,287,10.8,21:22,55,145,853,724,54.1
Zach Trotman,27,D,PIT,3,0,0,0,-3,0,-0.2,6,0.0,12:47,2,1,0,0,
Jacob Trouba,23,D,WPG,55,3,21,24,9,34,4.3,144,2.1,21:54,100,84,0,0,
Alex Tuch,21,RW,VEG,78,15,22,37,3,27,3.4,171,8.8,15:15,42,99,70,95,42.4
Dominic Turgeon,21,C,DET,5,0,0,0,-2,2,-0.2,3,0.0,9:14,8,3,7,14,33.3
Kyle Turris,28,C,TOT,76,16,35,51,19,26,5.4,145,11.0,16:37,35,21,449,423,51.5
Kyle Turris,28,C,NSH,65,13,29,42,22,24,4.7,119,10.9,16:06,29,19,358,365,49.5
Kyle Turris,28,C,OTT,11,3,6,9,-3,2,0.8,26,11.5,19:42,6,2,91,58,61.1
Scottie Upshall,34,RW,STL,63,7,12,19,-1,46,1.6,71,9.9,10:51,24,119,8,7,53.3
Rinat Valiev,22,D,MTL,2,0,0,0,0,2,0.0,2,0.0,11:49,2,0,0,0,
Curtis Valk,24,LW,FLA,1,0,0,0,0,0,0.0,0,,3:25,0,1,0,3,0.0
James van Riemsdyk,28,LW,TOR,81,36,18,54,1,30,7.2,248,14.5,14:54,23,40,0,1,0.0
Trevor van Riemsdyk,26,D,CAR,79,3,13,16,9,20,4.2,111,2.7,17:03,113,25,0,0,
Thomas Vanek,34,LW,TOT,80,24,32,56,-3,36,6.4,168,14.3,14:05,18,36,6,18,25.0
Thomas Vanek,34,LW,VAN,61,17,24,41,-12,28,4.2,121,14.0,13:58,12,29,4,15,21.1
Thomas Vanek,34,LW,CBJ,19,7,8,15,9,8,2.2,47,14.9,14:28,6,7,2,3,40.0
Sami Vatanen,26,D,TOT,72,4,28,32,-7,40,4.8,145,2.8,22:24,105,92,0,0,
Sami Vatanen,26,D,NJD,57,3,25,28,-1,32,4.5,123,2.4,22:45,79,68,0,0,
Sami Vatanen,26,D,ANA,15,1,3,4,-6,8,0.3,22,4.5,21:06,26,24,0,0,
Frank Vatrano,23,C,TOT,41,7,3,10,3,34,1.1,72,9.7,10:50,15,51,10,9,52.6
Frank Vatrano,23,C,BOS,25,2,0,2,-3,22,-0.1,42,4.8,9:28,9,34,6,8,42.9
Frank Vatrano,23,C,FLA,16,5,3,8,6,12,1.2,30,16.7,12:59,6,17,4,1,80.0
Antoine Vermette,35,C,ANA,64,8,8,16,-5,34,0.8,91,8.8,13:45,40,38,609,406,60.0
Kris Versteeg,31,RW,CGY,24,3,5,8,-8,6,0.3,49,6.1,13:11,6,6,46,32,59.0
Jimmy Vesey,24,LW,NYR,79,17,11,28,-18,20,2.2,136,12.5,14:20,34,83,15,17,46.9
Jake Virtanen,21,RW,VAN,75,10,10,20,-11,46,1.3,130,7.7,11:59,29,156,7,15,31.8
Marc-Edouard Vlasic,30,D,SJS,81,11,21,32,9,34,7.2,161,6.8,22:33,174,26,0,1,0.0
Jakub Voracek,28,RW,PHI,82,20,65,85,10,50,8.1,228,8.8,19:27,32,23,15,19,44.1
Jakub Vrana,21,LW,WSH,73,13,14,27,2,12,2.6,133,9.8,12:30,16,31,13,12,52.0
Radim Vrbata,36,RW,FLA,42,5,9,14,-7,16,0.7,88,5.7,12:54,16,15,7,14,33.3
Chris Wagner,26,RW/C,TOT,79,7,9,16,-10,37,0.2,93,7.5,13:17,49,253,230,240,48.9
Chris Wagner,26,C,ANA,64,6,9,15,-7,35,0.4,78,7.7,13:27,34,212,180,194,48.1
Chris Wagner,26,RW,NYI,15,1,0,1,-3,2,-0.3,15,6.7,12:32,15,41,50,46,52.1
Nathan Walker,23,LW,TOT,9,1,0,1,0,6,0.1,6,16.7,9:27,1,18,0,0,
Nathan Walker,23,LW,WSH,7,1,0,1,1,4,0.1,4,25.0,9:12,0,13,0,0,
Nathan Walker,23,LW,EDM,2,0,0,0,-1,2,-0.1,2,0.0,10:20,1,5,0,0,
Lucas Wallmark,22,C,CAR,11,1,0,1,-4,2,-0.1,16,6.3,9:30,1,13,38,31,55.1
Joel Ward,37,RW,SJS,52,5,7,12,-2,20,0.7,40,12.5,11:52,27,35,107,124,46.3
David Warsofsky,27,D,COL,16,0,5,5,4,0,1.0,18,0.0,13:24,22,1,0,0,
Austin Watson,26,LW,NSH,76,14,5,19,2,123,1.8,96,14.6,12:20,78,187,27,16,62.8
Jordan Weal,25,C,PHI,69,8,13,21,-10,12,1.0,102,7.8,12:57,25,17,53,63,45.7
Shea Weber,32,D,MTL,26,6,10,16,-8,14,2.4,75,8.0,25:21,59,66,0,0,
Yannick Weber,29,D,NSH,47,2,3,5,2,16,1.3,40,5.0,12:03,35,47,0,0,
MacKenzie Weegar,24,D,FLA,60,2,6,8,5,32,2.1,58,3.4,14:34,69,108,0,0,
Dale Weise,29,RW,PHI,46,4,4,8,-7,21,0.1,44,9.1,10:34,14,77,1,1,50.0
Andy Welinski,24,D,ANA,7,0,2,2,-1,0,0.2,6,0.0,16:10,8,4,0,0,
Alexander Wennberg,23,C,CBJ,66,8,27,35,22,12,3.3,74,10.8,18:08,46,28,350,424,45.2
Zach Werenski,20,D,CBJ,77,16,21,37,8,16,7.5,207,7.7,22:35,92,58,0,0,
Blake Wheeler,31,RW,WPG,81,23,68,91,13,52,9.2,246,9.3,20:15,66,94,166,196,45.9
Colin White,21,C,OTT,21,2,4,6,1,8,0.4,24,8.3,13:21,15,12,20,40,33.3
Zach Whitecloud,21,D,VEG,1,0,0,0,3,0,0.2,0,,16:42,1,0,0,0,
Chris Wideman,28,D,OTT,16,3,5,8,5,6,1.7,24,12.5,11:33,9,17,0,0,
Justin Williams,36,RW,CAR,82,16,35,51,-9,56,4.4,198,8.1,16:35,42,79,52,64,44.8
Colin Wilson,28,C,COL,56,6,12,18,-5,6,1.1,75,8.0,13:08,23,38,60,55,52.2
Scott Wilson,25,C/LW,TOT,69,6,8,14,-20,8,0.1,98,6.1,12:12,33,128,10,9,52.6
Scott Wilson,25,C,BUF,49,6,8,14,-17,8,0.5,85,7.1,13:58,28,93,5,5,50.0
Scott Wilson,25,LW,DET,17,0,0,0,-1,0,-0.2,10,0.0,7:28,5,22,3,1,75.0
Scott Wilson,25,LW,PIT,3,0,0,0,-2,0,-0.1,3,0.0,10:27,0,13,2,3,40.0
Tom Wilson,23,RW,WSH,78,14,21,35,10,187,3.2,123,11.4,15:59,51,250,25,29,46.3
Tommy Wingels,29,RW,TOT,75,9,8,17,-11,45,0.8,86,10.5,11:29,41,179,211,244,46.4
Tommy Wingels,29,RW,CHI,57,7,5,12,-10,43,0.5,67,10.4,11:21,36,150,185,218,45.9
Tommy Wingels,29,RW,BOS,18,2,3,5,-1,2,0.3,19,10.5,11:55,5,29,26,26,50.0
Daniel Winnik,32,LW,MIN,81,6,17,23,5,27,1.2,82,7.3,13:34,53,27,89,110,44.7
Luke Witkowski,27,RW,DET,31,1,3,4,-1,68,0.1,16,6.3,6:53,11,57,1,1,50.0
Christian Wolanin,22,D,OTT,10,1,2,3,-4,0,0.2,14,7.1,14:39,5,5,0,0,
Miles Wood,22,LW,NJD,76,19,13,32,-6,84,3.6,170,11.2,12:28,22,75,2,1,66.7
Nail Yakupov,24,RW,COL,58,9,7,16,2,26,1.7,94,9.6,10:50,9,60,0,2,0.0
Kailer Yamamoto,19,RW,EDM,9,0,3,3,-2,2,0.0,23,0.0,15:10,3,6,0,1,0.0
Keith Yandle,31,D,FLA,82,8,48,56,7,35,8.7,179,4.5,24:29,101,26,0,0,
Pavel Zacha,20,C,NJD,69,8,17,25,-3,30,1.8,112,7.1,14:22,22,70,318,407,43.9
Nikita Zadorov,22,D,COL,77,7,13,20,4,103,4.4,94,7.4,19:28,106,278,0,0,
Nikita Zaitsev,26,D,TOR,60,5,8,13,8,31,3.3,54,9.3,22:13,134,113,0,0,
Travis Zajac,32,C,NJD,63,12,14,26,-8,25,1.9,91,13.2,17:54,38,64,557,537,50.9
Henrik Zetterberg,37,LW,DET,82,11,45,56,1,14,4.4,180,6.1,19:30,34,49,666,709,48.4
Mika Zibanejad,24,C,NYR,72,27,20,47,-23,14,4.7,212,12.7,17:58,64,92,654,633,50.8
Mats Zuccarello,30,RW,NYR,80,16,37,53,-10,36,4.4,178,9.0,18:55,67,62,21,59,26.3
Jason Zucker,26,LW,MIN,82,33,31,64,8,44,7.8,222,14.9,16:58,47,80,4,14,22.2
Valentin Zykov,22,LW,CAR,10,3,4,7,4,2,1.0,18,16.7,13:42,1,3,0,1,0.0
